id;cancelada
78557;0
78559;0
78565;0
78571;0
78583;0
78592;0
78599;0
78600;0
78603;0
78608;0
78616;0
78628;0
78632;0
78639;0
78640;0
78649;0
78650;0
78654;0
78659;0
78660;0
78661;0
78669;0
78673;0
78674;1
78675;0
78686;0
78696;0
78701;0
78721;0
78723;0
78730;0
78731;0
78736;0
78737;0
78738;0
78743;0
78746;0
78749;0
78752;0
78755;0
78756;0
78771;0
78780;0
78783;0
78784;0
78789;0
78798;0
78800;0
78805;0
78809;1
78811;0
78813;0
78817;0
78819;0
78825;0
78826;0
78828;0
78829;0
78830;0
78831;0
78833;0
78835;0
78849;1
78853;0
78854;1
78857;0
78858;1
78859;0
78860;0
78861;0
78864;1
78867;0
78871;0
78872;1
78873;0
78874;0
78879;1
78880;1
78886;0
78889;0
78891;0
78892;0
78901;0
78903;1
78905;1
78906;0
78908;0
78909;0
78918;0
78919;1
78922;0
78923;0
78924;0
78928;0
78934;1
78935;1
78940;0
78944;1
78951;1
78954;1
78957;0
78961;1
78962;0
78965;0
78966;0
78974;0
78979;0
78984;0
78988;0
78994;1
78995;1
79005;1
79006;0
79012;1
79013;0
79019;0
79021;0
79029;0
79030;1
79038;0
79040;1
79047;0
79049;0
79050;0
79052;0
79056;1
79061;1
79064;0
79071;1
79074;0
79076;0
79087;1
79091;0
79093;0
79094;0
79095;0
79101;1
79104;0
79107;0
79125;0
79129;0
79135;0
79139;0
79142;1
79146;0
79149;1
79151;0
79152;1
79156;0
79158;0
79162;0
79163;1
79167;1
79170;0
79173;0
79174;0
79176;1
79177;1
79178;1
79180;0
79185;0
79191;0
79201;0
79209;1
79211;0
79215;1
79216;0
79218;0
79219;1
79226;1
79229;1
79236;0
79244;1
79253;1
79258;0
79261;1
79269;0
79272;0
79275;1
79281;0
79286;0
79287;0
79290;1
79291;0
79307;0
79309;0
79311;0
79313;0
79318;1
79319;0
79324;0
79326;0
79327;0
79328;0
79331;1
79332;0
79350;0
79352;0
79355;0
79364;0
79367;0
79368;0
79374;0
79376;0
79377;0
79378;1
79381;0
79386;0
79387;0
79395;0
79396;0
79405;0
79407;0
79408;0
79411;1
79412;0
79416;0
79417;1
79418;0
79434;0
79437;1
79438;0
79443;0
79447;1
79448;0
79456;0
79458;0
79463;0
79465;0
79466;0
79468;1
79470;1
79471;0
79499;1
79506;0
79510;0
79511;0
79519;0
79520;0
79521;0
79524;1
79530;0
79535;0
79545;0
79548;0
79551;0
79552;0
79554;0
79555;1
79559;0
79560;0
79565;0
79568;0
79580;1
79585;0
79586;1
79591;1
79602;0
79608;1
79618;0
79621;0
79626;0
79646;0
79650;0
79651;0
79652;0
79653;1
79655;0
79658;1
79664;1
79668;1
79678;1
79680;0
79681;0
79688;0
79689;0
79691;0
79702;1
79705;1
79712;0
79716;0
79718;1
79722;0
79724;0
79725;0
79730;0
79737;0
79739;0
79746;0
79748;0
79752;0
79755;0
79756;1
79757;0
79770;0
79771;0
79772;0
79775;0
79784;0
79789;1
79790;0
79798;1
79807;1
79808;0
79810;0
79812;0
79816;0
79817;0
79820;1
79824;0
79828;0
79834;0
79837;1
79843;1
79847;1
79848;0
79850;0
79855;0
79857;0
79863;0
79873;0
79875;0
79878;1
79879;0
79885;0
79889;0
79891;0
79893;0
79896;0
79897;1
79900;0
79908;0
79918;0
79920;0
79921;0
79922;0
79944;0
79956;0
79957;0
79965;1
79971;1
79972;0
79983;0
79988;0
79993;1
79995;0
80001;0
80003;0
80004;0
80006;1
80007;0
80009;0
80013;0
80018;0
80022;0
80028;0
80033;0
80034;0
80036;0
80044;0
80051;0
80057;0
80058;0
80063;0
80074;0
80078;1
80086;0
80088;0
80089;0
80091;1
80097;0
80098;0
80099;1
80108;0
80113;0
80125;0
80126;0
80129;0
80132;0
80134;0
80135;0
80140;0
80141;0
80144;0
80148;0
80149;0
80150;0
80157;0
80166;1
80167;0
80169;0
80176;1
80178;0
80179;0
80181;0
80188;0
80194;0
80207;0
80211;1
80215;0
80235;0
80240;0
80245;0
80255;0
80259;1
80264;0
80265;0
80267;1
80269;0
80273;1
80283;0
80287;0
80295;0
80300;0
80302;0
80304;0
80306;0
80308;0
80309;0
80312;0
80321;0
80322;0
80327;0
80329;0
80336;0
80337;0
80338;0
80343;0
80345;0
80355;1
80356;0
80359;0
80366;0
80374;0
80378;1
80383;0
80386;1
80389;0
80391;0
80401;0
80412;1
80414;0
80415;0
80417;1
80418;0
80419;1
80420;0
80423;0
80427;0
80430;0
80433;0
80437;0
80438;0
80439;0
80443;0
80456;0
80457;1
80458;1
80470;0
80476;0
80482;1
80483;0
80485;0
80486;0
80493;0
80497;0
80498;0
80502;0
80503;0
80507;0
80508;0
80512;1
80514;0
80534;0
80536;0
80537;0
80546;0
80549;0
80557;1
80560;0
80561;0
80579;0
80580;1
80587;0
80595;0
80596;1
80600;0
80601;0
80605;0
80608;0
80615;0
80617;0
80618;0
80621;0
80622;0
80626;0
80631;1
80638;0
80641;0
80642;0
80645;0
80647;0
80650;0
80651;1
80663;1
80668;0
80675;0
80685;0
80689;1
80690;1
80698;0
80701;1
80702;0
80708;0
80709;0
80715;0
80719;1
80721;0
80725;0
80729;1
80730;1
80734;0
80742;1
80750;0
80754;0
80755;1
80760;1
80763;0
80774;0
80779;1
80781;0
80791;0
80792;1
80793;0
80802;0
80803;1
80810;0
80831;0
80835;0
80837;0
80846;0
80849;0
80856;0
80857;0
80862;0
80867;0
80868;0
80871;0
80880;0
80881;0
80882;0
80885;0
80887;0
80889;0
80892;0
80894;0
80904;0
80905;0
80909;0
80910;0
80915;0
80916;0
80917;0
80919;0
80920;0
80922;0
80924;0
80927;0
80930;0
80931;0
80942;0
80943;0
80946;0
80956;0
80958;1
80969;1
80972;0
80974;0
80975;0
80982;0
80985;0
80986;0
80991;1
80993;0
80994;0
81006;0
81007;0
81008;0
81016;0
81017;0
81020;1
81038;0
81039;1
81041;0
81043;0
81044;0
81045;1
81058;0
81069;1
81087;0
81089;0
81092;0
81098;1
81099;0
81100;0
81113;0
81116;1
81120;0
81129;0
81136;1
81152;0
81155;0
81156;0
81162;1
81164;1
81169;0
81172;1
81178;0
81189;0
81194;0
81197;0
81200;1
81202;0
81203;0
81205;0
81212;0
81216;0
81225;0
81229;0
81234;0
81244;0
81247;1
81249;0
81250;0
81251;1
81254;0
81259;0
81263;0
81274;1
81278;0
81280;0
81281;0
81286;0
81290;0
81292;0
81294;0
81295;0
81297;0
81308;0
81318;0
81321;0
81326;1
81328;1
81345;0
81346;0
81348;0
81351;0
81352;0
81357;0
81358;0
81364;0
81365;0
81366;0
81367;0
81368;0
81369;0
81370;0
81385;1
81388;0
81389;1
81398;1
81404;1
81412;0
81414;0
81416;0
81419;0
81421;0
81426;1
81430;1
81431;0
81432;1
81439;0
81443;0
81446;0
81447;0
81453;0
81457;0
81462;0
81464;0
81474;1
81483;1
81484;0
81487;0
81490;0
81491;0
81497;0
81508;0
81515;0
81517;0
81520;1
81530;0
81531;0
81533;0
81536;0
81540;0
81541;1
81542;1
81543;0
81544;0
81545;1
81547;0
81554;1
81555;0
81562;0
81575;0
81576;1
81582;0
81584;0
81586;1
81591;0
81593;0
81595;0
81596;0
81598;1
81600;0
81601;0
81605;0
81616;0
81623;0
81624;0
81626;0
81629;0
81630;1
81641;0
81642;0
81646;0
81647;0
81652;1
81654;0
81670;0
81674;0
81675;0
81689;1
81695;0
81697;0
81699;0
81701;0
81705;0
81706;0
81707;0
81709;1
81713;1
81716;0
81718;0
81720;0
81721;0
81729;0
81731;1
81733;0
81734;0
81740;0
81745;0
81751;0
81754;0
81765;0
81766;0
81768;0
81770;0
81774;0
81782;1
81786;0
81789;0
81793;0
81795;0
81800;0
81801;1
81803;1
81804;0
81807;0
81809;0
81811;0
81813;1
81814;1
81815;0
81816;1
81817;0
81818;0
81821;0
81824;0
81829;0
81832;0
81836;0
81837;0
81840;0
81841;0
81844;0
81859;0
81863;0
81866;0
81871;0
81872;0
81874;0
81876;1
81884;1
81886;1
81887;0
81894;0
81897;0
81908;1
81934;0
81936;0
81937;0
81938;0
81942;0
81950;0
81955;0
81976;0
81979;0
81980;0
81982;0
81986;0
81989;0
81990;0
81999;0
82000;0
82002;0
82004;0
82006;0
82007;0
82012;0
82016;1
82017;0
82022;0
82024;0
82025;0
82031;1
82033;0
82037;0
82038;0
82041;0
82042;1
82043;1
82044;0
82048;0
82049;0
82051;1
82058;1
82062;0
82064;0
82072;1
82074;1
82081;0
82083;0
82086;0
82087;1
82090;0
82092;0
82097;0
82098;0
82103;1
82108;0
82111;0
82121;0
82126;0
82128;0
82131;0
82133;0
82134;0
82135;1
82140;1
82145;0
82149;0
82151;0
82153;1
82154;1
82159;0
82162;1
82165;0
82168;1
82173;0
82175;0
82177;0
82180;1
82183;0
82184;1
82193;0
82206;1
82216;0
82220;1
82225;0
82229;0
82231;1
82234;0
82243;0
82245;0
82247;0
82254;0
82256;0
82258;0
82261;0
82263;0
82267;0
82268;0
82272;1
82273;0
82279;0
82283;0
82290;1
82295;0
82300;1
82301;1
82305;1
82306;0
82309;0
82321;0
82323;0
82329;1
82330;0
82332;0
82334;0
82335;0
82340;0
82342;1
82350;1
82351;0
82354;0
82357;0
82369;0
82370;0
82376;0
82378;0
82394;0
82395;1
82398;0
82401;1
82407;0
82410;0
82411;0
82414;0
82417;0
82421;1
82423;1
82427;0
82439;0
82448;1
82450;1
82451;0
82460;0
82461;0
82464;0
82469;0
82479;0
82480;1
82481;0
82483;1
82486;0
82490;1
82492;0
82496;0
82500;1
82509;1
82516;0
82522;0
82524;0
82526;0
82527;0
82534;0
82535;0
82538;0
82540;0
82544;0
82553;1
82557;0
82559;0
82563;0
82575;0
82579;0
82581;0
82586;0
82593;1
82595;0
82597;0
82598;0
82604;0
82610;1
82611;0
82615;1
82617;0
82618;0
82625;1
82630;0
82634;0
82642;0
82651;0
82657;1
82660;0
82661;1
82663;0
82664;0
82667;1
82669;1
82674;1
82680;0
82681;0
82687;0
82688;0
82689;0
82690;0
82692;0
82694;0
82702;0
82703;0
82704;0
82706;0
82707;0
82714;0
82722;0
82723;0
82724;0
82730;1
82733;0
82739;0
82742;0
82743;0
82752;0
82753;0
82759;0
82762;0
82765;0
82766;0
82768;0
82769;0
82771;0
82774;0
82778;1
82784;1
82795;0
82808;0
82810;0
82812;0
82814;0
82826;0
82832;1
82833;0
82840;0
82844;0
82850;0
82852;0
82854;0
82864;0
82866;0
82869;0
82870;1
82872;1
82877;0
82885;0
82887;0
82888;0
82889;1
82891;0
82895;0
82898;0
82901;0
82904;1
82906;0
82910;1
82912;0
82914;0
82921;0
82922;0
82924;0
82931;0
82935;1
82936;0
82939;0
82943;0
82946;0
82949;1
82955;0
82957;0
82960;0
82961;0
82965;0
82971;0
82973;1
82977;0
82980;0
82990;0
82996;1
82997;1
83001;1
83002;0
83003;0
83013;1
83022;0
83024;0
83033;0
83036;0
83040;0
83043;0
83046;1
83050;1
83054;0
83060;1
83062;1
83063;0
83064;0
83065;0
83071;0
83074;0
83079;1
83084;0
83085;1
83091;1
83093;1
83094;0
83096;1
83105;0
83109;0
83112;0
83113;0
83115;0
83123;0
83125;1
83127;1
83129;0
83133;0
83134;0
83143;0
83145;1
83146;1
83159;0
83164;0
83166;0
83170;0
83172;1
83180;1
83194;0
83202;0
83203;0
83205;0
83206;0
83207;0
83211;0
83213;0
83218;0
83223;0
83224;1
83226;1
83230;0
83231;0
83237;0
83242;0
83244;0
83247;0
83250;0
83251;0
83253;0
83254;0
83257;0
83262;0
83266;0
83270;0
83271;0
83275;0
83277;0
83309;0
83318;0
83322;0
83331;0
83332;0
83333;1
83334;1
83338;0
83339;0
83340;0
83341;0
83342;0
83343;0
83345;0
83347;1
83348;0
83350;0
83351;1
83358;1
83365;0
83369;1
83376;0
83378;0
83380;0
83389;1
83392;0
83396;1
83397;1
83398;1
83402;1
83406;0
83410;0
83420;1
83423;0
83427;1
83432;0
83434;0
83438;0
83440;1
83442;0
83445;0
83446;0
83447;1
83449;0
83452;0
83456;0
83457;0
83462;1
83466;1
83468;0
83475;0
83481;0
83482;0
83487;1
83497;0
83499;1
83501;0
83502;0
83505;0
83514;0
83516;0
83522;0
83523;1
83525;0
83528;0
83535;0
83537;0
83540;0
83546;0
83547;0
83549;0
83551;0
83553;0
83560;0
83561;0
83562;0
83564;1
83565;0
83576;0
83577;1
83584;0
83585;1
83586;0
83588;1
83589;0
83591;0
83600;0
83609;0
83610;0
83611;0
83618;0
83621;1
83622;0
83623;0
83627;0
83633;1
83637;0
83638;1
83639;0
83640;0
83641;0
83643;0
83647;0
83649;0
83659;0
83667;0
83670;0
83671;1
83677;0
83679;1
83681;0
83702;1
83704;1
83706;0
83709;0
83712;1
83718;1
83724;0
83726;1
83728;0
83730;1
83732;0
83736;0
83744;0
83748;0
83750;1
83754;1
83756;1
83777;1
83781;0
83794;0
83800;0
83802;0
83804;0
83806;0
83813;0
83821;1
83822;0
83830;0
83837;1
83839;0
83840;0
83841;0
83844;0
83850;1
83855;1
83858;0
83861;1
83863;0
83872;0
83877;0
83878;0
83881;0
83883;0
83884;0
83887;1
83892;0
83895;1
83897;0
83899;0
83904;0
83919;0
83923;0
83924;0
83929;0
83931;0
83937;0
83939;0
83940;0
83941;0
83942;0
83945;0
83951;0
83952;0
83958;1
83961;0
83964;0
83966;0
83968;0
83970;0
83971;0
83975;0
83980;0
83985;0
83993;1
84002;1
84004;0
84011;0
84013;1
84015;0
84018;0
84020;0
84023;0
84025;0
84026;0
84029;1
84034;1
84036;0
84037;0
84041;0
84043;0
84047;0
84057;1
84059;0
84062;0
84069;0
84070;0
84080;0
84082;0
84084;0
84087;0
84088;1
84089;0
84093;1
84094;0
84095;0
84099;0
84108;0
84115;0
84121;1
84126;0
84127;0
84140;0
84142;0
84153;0
84157;1
84159;0
84167;0
84168;0
84175;1
84196;0
84197;0
84201;0
84207;0
84208;1
84209;0
84218;1
84221;0
84234;0
84236;0
84246;0
84248;0
84249;1
84252;0
84253;0
84256;1
84257;0
84258;1
84261;0
84267;0
84273;0
84276;0
84277;0
84278;1
84281;0
84282;0
84301;0
84304;0
84307;0
84309;0
84310;1
84311;0
84315;0
84327;0
84328;0
84335;0
84337;0
84341;0
84345;0
84348;0
84353;0
84359;1
84360;0
84366;0
84368;0
84371;0
84373;1
84376;0
84377;0
84380;0
84382;1
84383;0
84385;1
84386;0
84387;0
84389;0
84390;1
84395;1
84396;0
84397;0
84398;0
84403;0
84406;0
84408;0
84409;0
84410;0
84414;0
84415;0
84417;1
84418;0
84419;1
84423;1
84438;0
84440;0
84442;0
84445;1
84451;0
84452;0
84460;0
84464;0
84466;0
84481;0
84486;0
84497;0
84498;0
84499;0
84504;0
84506;0
84515;0
84517;1
84518;0
84519;0
84524;0
84525;0
84528;1
84532;0
84534;0
84537;0
84541;0
84552;0
84556;0
84559;0
84562;0
84566;0
84569;0
84572;1
84574;0
84576;0
84577;0
84581;0
84583;1
84585;0
84586;0
84589;0
84595;0
84598;0
84602;1
84605;0
84620;0
84622;0
84626;0
84628;1
84629;0
84635;0
84637;0
84642;1
84647;0
84658;0
84668;0
84670;0
84672;0
84683;0
84692;0
84701;0
84709;1
84711;1
84712;0
84715;0
84717;1
84726;0
84730;0
84731;0
84733;0
84739;0
84746;0
84749;0
84750;0
84751;1
84752;0
84753;0
84757;1
84771;0
84774;0
84775;0
84776;0
84777;0
84780;1
84782;0
84784;0
84785;0
84795;1
84798;0
84801;1
84805;1
84806;0
84816;0
84825;0
84832;0
84835;0
84836;0
84839;0
84841;1
84845;0
84851;1
84852;1
84853;0
84857;1
84859;0
84860;1
84865;0
84867;0
84876;0
84883;0
84885;0
84886;0
84887;1
84889;0
84894;0
84896;0
84900;0
84903;0
84905;0
84909;0
84922;0
84947;0
84948;1
84952;0
84956;0
84957;0
84961;0
84962;0
84963;0
84964;0
84966;0
84972;0
84980;0
84984;1
84989;0
84991;0
84996;0
84998;1
85002;0
85004;1
85010;0
85013;0
85015;1
85019;0
85021;0
85023;0
85032;0
85036;0
85037;0
85040;0
85042;0
85046;0
85051;1
85054;0
85056;0
85058;0
85064;0
85070;0
85074;0
85075;1
85077;0
85078;0
85081;1
85083;0
85085;0
85087;0
85089;0
85093;0
85096;0
85099;0
85100;0
85102;0
85106;0
85113;0
85119;0
85124;0
85127;0
85132;1
85138;0
85140;0
85145;0
85146;0
85150;0
85157;0
85161;0
85165;0
85166;0
85172;0
85173;0
85174;1
85175;0
85177;0
85178;0
85180;0
85181;0
85183;1
85186;0
85197;0
85201;0
85202;1
85212;0
85217;0
85220;0
85223;0
85226;0
85231;0
85241;0
85244;0
85245;1
85248;0
85257;1
85261;0
85264;0
85265;1
85270;0
85271;0
85274;0
85287;0
85290;0
85292;0
85293;0
85297;0
85305;1
85310;0
85314;0
85318;0
85324;0
85326;0
85346;0
85350;0
85354;0
85357;0
85358;1
85364;0
85365;0
85369;0
85370;0
85371;0
85372;0
85377;0
85378;0
85382;0
85389;0
85394;0
85403;0
85408;0
85410;0
85412;0
85414;0
85415;0
85416;0
85422;0
85423;0
85426;0
85429;0
85432;0
85435;0
85437;0
85439;0
85441;0
85450;0
85456;0
85465;1
85471;0
85476;0
85479;1
85483;0
85484;0
85489;0
85492;0
85494;0
85508;0
85516;0
85517;0
85520;0
85526;0
85527;0
85531;0
85532;1
85535;0
85536;0
85543;0
85549;0
85551;1
85553;0
85554;1
85557;1
85561;0
85569;0
85571;0
85579;0
85585;0
85588;1
85589;0
85593;0
85594;0
85596;0
85599;0
85604;0
85610;0
85617;0
85619;0
85625;1
85626;1
85631;0
85633;0
85634;0
85645;0
85648;1
85649;0
85655;0
85657;1
85658;0
85673;1
85674;0
85680;0
85683;0
85688;0
85689;1
85690;0
85691;0
85692;0
85693;0
85698;0
85701;0
85703;0
85715;0
85718;0
85719;0
85722;0
85723;1
85732;0
85742;0
85745;0
85746;0
85754;0
85755;1
85759;0
85768;0
85780;0
85782;0
85785;0
85790;0
85791;0
85794;0
85801;0
85803;0
85805;0
85814;1
85817;0
85827;0
85828;1
85831;0
85833;0
85842;0
85850;0
85856;0
85863;0
85865;0
85868;0
85870;0
85878;1
85879;0
85882;0
85883;0
85884;0
85891;0
85896;0
85898;0
85903;0
85910;1
85912;0
85915;0
85916;0
85921;1
85933;0
85937;1
85940;0
85941;1
85944;1
85948;0
85950;1
85952;0
85954;0
85966;0
85968;0
85975;0
85976;0
85977;0
85983;0
85984;0
85985;0
85986;1
85987;0
85989;0
85995;0
86002;0
86003;0
86007;0
86010;0
86022;1
86035;1
86037;0
86038;0
86042;0
86044;0
86051;0
86053;1
86059;0
86060;0
86064;0
86067;1
86070;0
86072;0
86073;0
86080;0
86081;0
86084;0
86087;0
86090;0
86093;0
86094;1
86102;0
86104;0
86105;0
86106;0
86114;0
86129;0
86130;0
86132;0
86139;0
86142;0
86163;0
86165;0
86171;0
86172;0
86175;0
86176;0
86206;1
86214;0
86217;0
86222;0
86223;0
86232;1
86234;1
86241;0
86243;0
86249;0
86253;0
86254;0
86255;0
86260;0
86265;0
86277;0
86278;1
86280;0
86283;0
86292;0
86297;0
86298;0
86299;0
86300;0
86302;1
86303;0
86304;0
86310;0
86312;0
86320;1
86328;0
86329;0
86330;0
86331;1
86333;0
86342;1
86345;0
86346;0
86349;0
86350;0
86354;0
86358;0
86361;0
86363;0
86379;0
86393;0
86394;0
86397;0
86398;0
86407;1
86412;0
86414;0
86416;0
86423;0
86428;1
86430;0
86432;0
86433;0
86439;0
86440;0
86447;0
86453;0
86459;0
86464;0
86466;1
86468;0
86469;0
86481;0
86484;1
86494;0
86501;1
86506;0
86508;0
86524;1
86528;0
86530;0
86532;0
86533;0
86536;0
86546;0
86548;0
86550;1
86554;0
86557;0
86560;0
86563;0
86567;1
86580;0
86591;0
86602;1
86605;0
86606;0
86609;0
86617;1
86618;1
86621;0
86625;0
86630;0
86631;0
86639;0
86641;0
86643;0
86647;0
86649;0
86650;0
86652;0
86656;0
86658;0
86662;0
86663;0
86664;0
86666;0
86667;0
86669;0
86676;1
86685;0
86705;1
86714;0
86723;0
86728;0
86730;0
86731;0
86734;0
86735;0
86736;0
86737;0
86738;0
86744;0
86746;0
86747;0
86749;1
86761;0
86762;0
86771;0
86780;0
86781;0
86786;1
86787;0
86788;0
86790;1
86794;0
86796;0
86798;0
86803;0
86808;0
86809;1
86811;1
86814;0
86821;1
86823;1
86826;0
86834;0
86836;0
86841;1
86843;0
86847;0
86851;0
86852;1
86853;1
86857;0
86859;0
86863;0
86867;0
86871;0
86873;0
86874;0
86884;0
86886;0
86890;0
86893;0
86895;0
86900;0
86914;0
86916;0
86919;0
86928;1
86930;0
86936;0
86937;0
86938;0
86950;0
86957;1
86958;0
86959;0
86960;0
86969;0
86973;0
86974;1
86976;0
86978;1
86983;0
86990;0
86993;0
86994;0
86998;0
87000;0
87005;0
87006;1
87012;0
87016;0
87021;0
87023;1
87024;0
87025;1
87028;0
87029;0
87036;0
87044;0
87046;0
87047;0
87049;0
87050;0
87051;0
87052;0
87055;0
87060;0
87063;0
87065;0
87078;1
87080;0
87081;0
87083;1
87084;0
87086;0
87096;0
87097;0
87098;1
87099;0
87100;0
87103;0
87106;0
87109;1
87114;0
87121;0
87126;0
87129;0
87130;0
87133;0
87134;0
87141;0
87144;0
87145;0
87146;0
87147;1
87148;0
87153;0
87155;0
87158;1
87159;1
87166;0
87169;0
87179;1
87180;0
87181;0
87186;0
87188;0
87190;0
87191;0
87193;1
87197;0
87202;0
87205;0
87210;0
87213;0
87216;1
87217;0
87221;0
87224;0
87229;0
87236;0
87238;0
87243;0
87246;0
87248;0
87249;0
87254;0
87255;0
87258;0
87260;0
87264;0
87265;1
87267;0
87277;0
87278;1
87282;0
87283;0
87287;0
87291;1
87292;0
87299;0
87301;0
87303;1
87308;0
87310;1
87311;0
87313;1
87314;0
87316;0
87320;0
87326;0
87327;0
87331;0
87333;0
87335;0
87339;0
87344;0
87345;0
87346;0
87351;0
87353;1
87355;0
87358;0
87365;1
87369;1
87370;0
87374;0
87383;0
87384;0
87389;1
87391;0
87398;0
87408;0
87411;0
87417;0
87421;1
87429;0
87431;0
87434;0
87437;1
87444;1
87445;1
87453;0
87454;0
87457;0
87458;0
87459;0
87461;0
87468;0
87469;0
87474;0
87477;0
87482;0
87489;0
87493;0
87505;0
87516;0
87518;0
87523;0
87524;0
87528;0
87530;0
87532;0
87535;1
87541;0
87545;0
87554;0
87559;0
87561;0
87567;1
87569;0
87573;1
87577;0
87584;1
87590;0
87591;0
87593;0
87595;0
87600;0
87605;0
87609;0
87611;0
87612;0
87616;0
87618;0
87626;0
87627;0
87639;0
87640;0
87650;0
87656;0
87657;0
87659;0
87665;0
87668;0
87670;0
87673;0
87675;0
87680;1
87681;0
87683;0
87685;0
87691;1
87692;0
87696;1
87699;0
87705;0
87708;0
87710;0
87711;0
87712;0
87716;0
87721;1
87731;0
87732;0
87734;0
87744;0
87753;0
87754;0
87757;0
87758;0
87766;0
87767;0
87768;0
87771;0
87774;1
87776;0
87778;1
87784;0
87788;0
87802;0
87804;0
87807;0
87811;0
87814;0
87819;0
87821;0
87825;0
87827;0
87831;0
87833;1
87838;0
87840;0
87842;1
87843;1
87846;0
87847;0
87856;0
87857;0
87859;0
87862;1
87866;0
87870;0
87871;0
87875;0
87877;0
87880;0
87882;0
87884;0
87885;0
87887;1
87889;0
87892;0
87897;0
87903;0
87904;1
87906;1
87909;0
87915;1
87916;1
87919;0
87923;1
87925;0
87927;0
87932;0
87934;0
87940;0
87941;0
87947;0
87948;1
87953;1
87954;0
87955;0
87960;1
87961;1
87963;0
87969;1
87971;0
87978;0
87981;0
87985;0
87989;1
87990;0
87991;1
87996;1
87997;1
88000;0
88001;0
88005;0
88007;0
88008;1
88010;1
88014;0
88015;0
88016;0
88017;0
88023;0
88027;0
88028;0
88031;0
88033;0
88036;1
88040;0
88041;0
88042;0
88045;1
88048;0
88054;0
88057;0
88058;1
88066;0
88067;0
88071;0
88074;1
88078;0
88080;1
88089;1
88097;0
88098;0
88103;1
88106;0
88109;1
88127;1
88131;0
88136;0
88141;0
88142;0
88144;0
88148;1
88149;0
88150;0
88151;0
88152;0
88156;0
88158;0
88164;1
88165;0
88166;1
88172;0
88176;0
88179;0
88180;0
88182;0
88185;0
88190;0
88191;0
88193;0
88198;1
88199;0
88200;1
88201;0
88208;1
88210;0
88213;0
88216;0
88218;0
88220;0
88224;0
88227;0
88228;0
88236;0
88239;0
88243;1
88247;1
88253;0
88254;0
88259;0
88264;0
88267;0
88268;0
88273;0
88275;0
88277;1
88279;0
88282;0
88286;0
88288;0
88289;0
88293;0
88299;0
88300;1
88303;0
88306;0
88308;0
88310;0
88315;0
88316;0
88318;0
88324;0
88329;0
88334;0
88336;0
88338;0
88339;0
88346;0
88348;0
88350;0
88351;0
88353;0
88358;0
88361;0
88369;0
88370;0
88372;0
88377;0
88378;0
88381;0
88386;1
88390;0
88392;1
88396;0
88397;1
88411;0
88414;0
88415;0
88424;1
88427;0
88428;1
88436;1
88439;1
88443;0
88444;0
88446;0
88453;0
88457;0
88459;0
88461;0
88467;1
88469;0
88472;1
88477;0
88480;0
88482;0
88488;0
88492;0
88496;0
88498;0
88502;1
88508;0
88510;0
88517;0
88519;0
88522;0
88523;0
88525;0
88527;0
88534;0
88543;0
88545;1
88546;0
88547;1
88548;0
88549;1
88550;0
88553;0
88554;0
88555;0
88558;1
88566;0
88567;0
88573;1
88580;1
88581;0
88583;1
88584;0
88592;1
88599;0
88601;1
88609;0
88610;0
88614;1
88618;1
88619;0
88624;0
88629;0
88631;1
88632;0
88640;1
88641;0
88644;1
88652;0
88657;0
88661;0
88662;0
88667;0
88672;0
88680;0
88681;1
88683;1
88684;0
88687;0
88690;0
88691;1
88694;1
88705;0
88709;0
88712;1
88716;0
88717;0
88718;0
88725;0
88731;0
88734;0
88735;0
88739;0
88741;0
88743;0
88747;0
88754;0
88756;0
88761;0
88762;0
88767;0
88776;1
88778;0
88785;0
88788;0
88789;0
88792;0
88799;0
88816;1
88834;1
88839;0
88840;0
88853;0
88857;0
88870;0
88871;0
88879;0
88880;0
88885;0
88887;0
88891;0
88892;0
88893;1
88901;0
88902;0
88906;0
88908;1
88909;0
88911;0
88912;1
88915;0
88919;0
88931;1
88932;1
88933;0
88935;0
88937;1
88938;0
88941;0
88948;0
88951;0
88953;0
88954;0
88955;0
88956;0
88961;0
88962;0
88963;0
88970;0
88971;0
88972;0
88975;0
88977;1
88978;0
88984;1
88986;0
88989;0
88995;0
88996;0
89003;0
89005;0
89006;0
89012;0
89021;0
89027;0
89029;0
89030;0
89032;0
89033;0
89040;0
89041;1
89042;1
89047;0
89048;0
89057;0
89062;1
89070;0
89073;0
89077;0
89078;0
89082;0
89087;0
89092;0
89096;0
89097;0
89112;0
89115;0
89116;0
89119;0
89120;0
89121;1
89126;0
89134;0
89138;1
89140;0
89144;0
89150;0
89151;0
89157;0
89168;0
89170;0
89175;0
89179;0
89180;1
89181;0
89186;0
89192;0
89195;0
89197;0
89198;0
89201;1
89203;1
89206;0
89219;0
89231;0
89233;0
89234;1
89235;0
89237;1
89243;0
89249;0
89251;0
89253;0
89254;0
89255;0
89257;1
89277;0
89280;0
89281;1
89288;0
89290;0
89300;0
89303;1
89306;0
89311;1
89312;0
89313;1
89314;0
89316;0
89318;1
89323;1
89324;1
89325;0
89326;0
89327;0
89330;0
89331;0
89338;0
89343;0
89349;0
89350;0
89356;1
89367;1
89369;1
89373;1
89375;0
89378;0
89382;0
89388;0
89390;0
89391;1
89396;0
89399;0
89401;0
89407;0
89416;0
89428;0
89429;1
89434;0
89435;0
89451;0
89452;1
89453;0
89455;0
89462;0
89476;0
89478;0
89480;0
89482;1
89483;0
89484;0
89486;1
89491;0
89508;0
89513;1
89514;0
89525;0
89526;0
89532;0
89536;0
89542;0
89543;0
89546;1
89551;1
89553;0
89556;0
89562;0
89564;0
89566;0
89573;0
89577;0
89578;0
89583;0
89595;1
89600;0
89603;1
89617;1
89619;0
89621;1
89627;0
89635;1
89644;0
89646;0
89647;0
89649;1
89653;0
89655;0
89656;1
89662;0
89666;0
89678;0
89679;0
89681;0
89685;0
89686;0
89688;0
89692;1
89694;0
89697;0
89701;0
89702;0
89710;0
89721;0
89722;0
89726;0
89731;0
89740;0
89743;0
89744;0
89746;0
89748;0
89750;0
89759;0
89763;0
89764;0
89765;0
89766;0
89768;0
89777;0
89778;0
89779;0
89780;0
89782;0
89785;0
89788;0
89796;0
89799;1
89800;0
89801;1
89805;1
89806;0
89811;1
89820;0
89821;0
89827;0
89840;0
89843;0
89844;0
89846;0
89851;1
89853;0
89858;0
89862;0
89863;0
89865;1
89866;0
89872;0
89874;0
89879;1
89885;0
89894;0
89895;1
89897;0
89902;0
89904;0
89906;0
89907;1
89911;0
89915;0
89920;0
89924;0
89943;0
89947;0
89953;0
89955;0
89959;0
89965;0
89968;0
89969;0
89971;0
89980;0
89983;0
89984;0
89993;0
89996;1
90000;0
90002;0
90003;0
90004;0
90007;0
90016;1
90018;0
90020;0
90021;0
90023;0
90025;1
90042;0
90045;0
90051;1
90059;0
90060;0
90061;0
90063;0
90064;0
90066;0
90067;0
90069;0
90072;0
90084;1
90088;1
90093;0
90094;0
90098;0
90107;1
90111;0
90116;1
90123;0
90124;0
90130;0
90139;1
90144;0
90145;0
90147;0
90156;0
90157;0
90163;0
90165;0
90172;0
90174;0
90175;1
90177;1
90183;0
90184;1
90191;1
90192;0
90206;0
90211;0
90212;0
90215;0
90216;0
90220;0
90226;0
90231;0
90234;0
90235;0
90240;0
90245;0
90246;0
90254;0
90255;1
90256;0
90259;0
90261;0
90262;0
90265;0
90266;0
90274;0
90275;0
90278;0
90281;0
90283;0
90290;1
90295;0
90299;0
90315;1
90320;0
90323;0
90324;0
90325;0
90335;0
90336;0
90344;0
90349;0
90353;0
90369;0
90372;0
90374;0
90375;0
90386;0
90397;1
90399;1
90403;0
90405;0
90408;0
90413;0
90415;0
90420;0
90422;0
90423;0
90427;1
90450;1
90458;0
90461;0
90467;0
90475;0
90476;0
90483;0
90484;0
90485;1
90497;0
90506;1
90511;0
90519;0
90521;0
90522;0
90523;0
90525;1
90526;0
90531;0
90541;0
90544;0
90546;0
90549;0
90559;0
90560;0
90577;0
90584;0
90585;0
90586;0
90587;1
90590;0
90592;0
90593;0
90594;1
90598;0
90599;0
90600;1
90614;0
90616;0
90620;0
90622;0
90632;1
90633;1
90636;1
90643;0
90648;0
90650;0
90658;0
90662;0
90666;0
90667;1
90670;1
90678;0
90682;0
90686;1
90688;0
90692;0
90696;0
90698;1
90702;1
90711;0
90713;1
90716;0
90719;0
90724;0
90730;0
90734;0
90737;1
90740;0
90743;0
90750;0
90753;0
90759;0
90767;0
90771;0
90772;0
90773;0
90776;0
90795;0
90801;1
90806;1
90811;0
90813;0
90820;0
90821;0
90823;1
90831;0
90840;0
90844;1
90848;0
90853;0
90858;0
90859;0
90867;0
90868;0
90869;0
90871;1
90878;0
90882;1
90886;0
90887;0
90890;0
90895;0
90896;0
90897;0
90901;0
90907;1
90908;0
90911;0
90912;0
90913;0
90914;0
90917;0
90926;0
90932;1
90948;0
90958;0
90964;0
90971;0
90974;0
90987;0
90991;0
90993;0
90994;1
90996;0
91001;0
91003;0
91004;0
91009;0
91012;0
91013;0
91015;0
91029;0
91031;1
91034;1
91039;0
91040;0
91048;0
91055;0
91057;0
91058;0
91062;0
91066;1
91069;1
91073;1
91074;0
91077;0
91081;1
91083;1
91094;0
91095;0
91096;0
91097;1
91105;0
91107;0
91111;0
91115;1
91116;0
91120;0
91124;0
91128;0
91131;0
91133;0
91146;0
91148;0
91149;0
91151;0
91153;1
91160;1
91162;0
91164;0
91165;0
91166;0
91167;0
91168;0
91174;0
91176;0
91177;0
91194;1
91214;0
91222;0
91224;0
91226;0
91229;0
91230;0
91236;0
91240;1
91241;0
91247;0
91249;1
91251;0
91252;0
91263;0
91264;0
91268;0
91269;0
91277;0
91281;0
91289;0
91290;0
91299;0
91302;1
91304;0
91305;1
91315;0
91316;0
91319;0
91328;0
91338;0
91340;0
91343;0
91345;0
91350;0
91352;0
91363;0
91364;1
91367;1
91370;0
91376;1
91382;0
91386;0
91398;0
91401;0
91403;1
91405;0
91408;0
91419;0
91431;0
91434;1
91443;1
91445;0
91446;0
91452;0
91456;0
91470;0
91487;0
91488;1
91490;0
91495;0
91497;1
91499;0
91500;0
91502;0
91521;0
91523;0
91534;1
91540;0
91545;1
91546;0
91548;0
91550;0
91553;0
91555;0
91558;0
91563;0
91565;0
91567;0
91572;0
91581;0
91582;0
91584;1
91587;1
91591;0
91597;0
91600;1
91605;0
91606;0
91609;0
91620;0
91624;0
91638;1
91639;0
91641;0
91642;1
91644;1
91649;0
91652;0
91653;1
91655;0
91656;0
91657;0
91659;0
91661;0
91663;0
91664;1
91671;1
91677;0
91689;0
91703;0
91709;0
91712;0
91714;0
91715;0
91716;0
91720;0
91727;1
91745;0
91746;0
91747;1
91748;1
91757;0
91760;0
91761;1
91762;0
91763;1
91768;0
91771;0
91772;0
91773;1
91774;0
91775;0
91778;0
91787;0
91788;0
91801;0
91807;0
91816;0
91817;0
91818;0
91820;0
91823;0
91831;1
91836;0
91839;0
91841;0
91846;0
91849;0
91859;1
91864;0
91868;0
91874;0
91880;0
91881;1
91889;0
91891;0
91899;0
91914;0
91917;1
91928;0
91931;0
91933;1
91941;1
91946;0
91952;0
91957;0
91959;0
91961;0
91965;0
91966;0
91967;0
91974;0
91977;0
91979;0
91991;0
92001;0
92003;0
92005;0
92008;0
92009;0
92010;0
92017;0
92027;0
92028;0
92040;0
92043;0
92046;0
92049;0
92054;1
92059;0
92060;0
92069;0
92074;0
92078;0
92079;0
92080;0
92085;0
92090;0
92094;0
92095;1
92110;0
92112;0
92114;0
92122;0
92124;0
92129;0
92130;0
92131;1
92134;1
92136;0
92138;0
92139;0
92141;0
92144;0
92147;0
92152;1
92153;0
92155;0
92157;0
92165;0
92171;0
92184;0
92187;0
92189;0
92193;0
92196;0
92197;1
92202;0
92213;0
92214;0
92216;0
92218;1
92220;0
92222;0
92224;0
92231;0
92248;0
92260;0
92261;0
92262;0
92264;0
92265;0
92266;0
92268;0
92269;0
92271;1
92276;0
92277;0
92279;0
92283;0
92290;0
92291;0
92294;0
92298;0
92299;0
92300;0
92301;1
92302;0
92303;0
92306;0
92308;1
92310;0
92319;0
92325;0
92334;0
92335;0
92340;0
92342;1
92345;0
92347;1
92348;0
92349;0
92354;0
92356;1
92366;0
92367;0
92368;0
92369;0
92372;1
92374;0
92385;0
92386;0
92387;0
92390;0
92395;0
92405;0
92408;0
92410;0
92414;0
92416;0
92417;0
92418;0
92422;0
92423;0
92431;0
92432;0
92435;0
92437;0
92441;0
92442;0
92446;0
92449;1
92452;0
92453;0
92457;0
92463;0
92464;1
92476;0
92478;0
92479;0
92480;0
92484;0
92485;0
92488;0
92490;0
92492;0
92494;0
92505;1
92509;0
92518;0
92524;0
92532;0
92535;0
92538;0
92541;0
92550;0
92552;0
92553;1
92555;1
92558;0
92563;1
92570;0
92577;0
92578;0
92580;1
92584;0
92587;0
92592;0
92598;0
92605;1
92616;0
92617;0
92618;0
92619;0
92624;0
92635;0
92641;0
92644;0
92649;0
92654;1
92655;0
92666;0
92670;0
92674;1
92676;0
92677;0
92678;1
92681;0
92682;1
92683;1
92690;0
92703;1
92707;0
92708;1
92710;0
92722;0
92727;0
92739;0
92744;0
92745;0
92746;0
92748;0
92752;1
92755;0
92761;0
92764;1
92767;0
92772;1
92773;0
92775;0
92777;0
92778;0
92780;0
92781;0
92786;1
92788;0
92789;0
92793;0
92810;0
92820;0
92823;0
92828;0
92837;1
92851;0
92857;1
92866;0
92871;0
92872;0
92875;0
92876;0
92879;0
92881;1
92886;0
92891;0
92894;0
92912;0
92913;0
92914;0
92918;0
92921;0
92937;1
92938;0
92942;0
92943;1
92946;1
92950;0
92952;0
92955;0
92963;0
92970;0
92975;0
92982;0
92985;0
92986;0
92988;0
92992;0
92996;0
92997;0
93001;0
93002;0
93005;0
93008;1
93013;0
93014;0
93015;1
93025;1
93029;0
93034;0
93037;0
93038;0
93039;1
93041;0
93043;0
93046;0
93049;0
93055;1
93058;0
93060;1
93064;0
93066;0
93068;0
93076;0
93077;1
93082;0
93084;0
93087;0
93090;0
93091;0
93092;0
93093;1
93099;0
93105;1
93107;0
93109;1
93112;1
93113;1
93122;0
93128;0
93132;0
93144;0
93146;1
93153;0
93157;0
93163;0
93165;0
93174;0
93180;0
93188;0
93189;0
93190;0
93199;0
93201;0
93209;1
93212;0
93218;1
93223;0
93226;1
93231;0
93232;0
93244;0
93253;0
93255;0
93257;0
93262;0
93264;0
93270;0
93271;0
93275;1
93280;1
93282;1
93283;0
93302;0
93313;0
93316;0
93334;0
93338;1
93344;0
93346;1
93357;0
93361;0
93368;0
93371;0
93375;0
93387;0
93409;0
93412;0
93413;1
93428;0
93431;0
93432;0
93434;0
93436;1
93438;1
93439;0
93442;0
93448;0
93450;0
93453;1
93457;0
93460;1
93463;0
93465;0
93471;0
93478;0
93484;0
93485;0
93487;0
93488;0
93489;0
93492;0
93498;0
93499;0
93506;0
93507;0
93510;0
93513;1
93516;0
93518;0
93528;0
93536;0
93540;0
93548;0
93553;1
93557;0
93559;0
93573;0
93576;1
93589;0
93595;0
93599;0
93600;0
93601;0
93602;0
93603;1
93605;0
93606;0
93608;0
93614;1
93619;0
93624;0
93630;0
93634;0
93641;0
93642;0
93645;0
93647;0
93656;1
93663;0
93664;0
93666;0
93668;0
93669;0
93671;1
93675;0
93676;0
93694;0
93700;0
93701;0
93710;0
93720;0
93723;1
93725;0
93732;0
93734;0
93735;0
93738;1
93741;1
93744;0
93746;1
93748;0
93754;0
93757;0
93759;1
93762;0
93765;0
93766;0
93767;1
93770;0
93771;0
93778;0
93783;0
93791;0
93792;0
93794;0
93799;0
93803;0
93804;0
93807;0
93812;0
93814;0
93820;1
93821;0
93822;0
93826;0
93830;0
93840;0
93843;0
93852;0
93854;0
93856;0
93858;0
93863;0
93864;0
93869;0
93872;0
93873;0
93877;0
93884;0
93885;0
93892;1
93894;0
93895;0
93898;0
93901;0
93902;0
93903;0
93906;0
93907;1
93908;0
93909;1
93910;0
93914;0
93916;1
93920;0
93929;0
93934;0
93948;1
93955;0
93957;0
93963;0
93965;0
93976;0
93990;0
94001;0
94002;0
94003;0
94010;0
94014;0
94016;0
94019;1
94021;0
94028;0
94040;1
94045;1
94046;0
94047;0
94048;0
94052;0
94054;0
94059;0
94060;0
94063;0
94066;0
94077;0
94082;0
94084;0
94086;0
94089;0
94090;1
94091;0
94094;0
94097;0
94099;1
94100;0
94101;0
94102;1
94110;0
94114;0
94117;0
94120;0
94124;1
94129;0
94130;1
94139;0
94144;0
94145;1
94149;0
94151;0
94156;0
94158;0
94159;0
94163;0
94164;0
94170;0
94171;0
94179;0
94181;0
94182;0
94184;0
94190;0
94193;0
94197;0
94205;0
94207;0
94212;0
94214;1
94217;0
94219;0
94220;1
94225;0
94228;0
94229;0
94236;1
94240;0
94241;0
94242;0
94248;0
94254;0
94263;0
94264;0
94267;0
94271;0
94273;0
94275;0
94277;1
94278;0
94279;0
94288;0
94290;0
94291;0
94293;0
94295;0
94297;0
94299;0
94307;0
94308;0
94312;0
94316;0
94318;1
94321;0
94322;0
94326;0
94328;1
94343;0
94345;1
94352;0
94358;0
94362;0
94367;1
94368;0
94374;0
94380;0
94381;0
94382;0
94387;0
94389;0
94397;0
94398;0
94401;0
94402;0
94404;0
94415;0
94419;0
94425;0
94427;0
94436;1
94439;0
94440;0
94441;0
94445;0
94447;0
94452;0
94454;1
94455;0
94458;0
94463;0
94465;0
94466;0
94467;1
94471;0
94475;0
94476;1
94486;1
94488;1
94492;0
94495;0
94497;0
94504;0
94510;0
94511;0
94513;0
94518;1
94521;0
94526;0
94527;0
94535;1
94540;0
94543;1
94553;1
94556;1
94562;0
94564;0
94573;0
94579;0
94585;0
94586;1
94588;0
94610;0
94613;0
94618;0
94621;0
94623;0
94625;0
94626;0
94631;0
94633;0
94635;1
94637;0
94648;0
94649;0
94658;0
94661;0
94669;0
94675;1
94676;0
94682;0
94684;0
94685;0
94692;0
94694;1
94699;0
94702;0
94704;0
94706;0
94712;0
94715;0
94718;0
94719;0
94722;0
94723;1
94729;0
94730;0
94740;0
94741;0
94743;0
94744;0
94746;0
94747;1
94749;0
94751;1
94753;1
94756;0
94760;0
94765;0
94766;0
94784;0
94791;0
94795;0
94798;0
94801;0
94802;0
94804;0
94807;0
94808;0
94815;0
94824;0
94826;0
94827;0
94829;0
94836;0
94846;1
94855;0
94868;1
94873;0
94877;0
94880;0
94884;0
94888;0
94889;0
94895;0
94898;0
94908;0
94909;0
94910;0
94911;0
94918;0
94923;0
94925;0
94935;0
94936;0
94940;0
94946;0
94949;0
94951;0
94955;0
94958;1
94966;0
94975;0
94979;0
94980;0
94989;1
94990;0
94991;0
94992;0
94999;0
95008;0
95010;0
95011;0
95013;0
95018;0
95026;0
95028;0
95030;0
95032;0
95037;0
95040;0
95045;0
95047;0
95048;1
95060;0
95063;0
95064;0
95066;0
95067;0
95070;0
95071;0
95073;0
95075;0
95078;0
95079;0
95081;0
95090;1
95091;0
95094;0
95095;1
95103;0
95104;0
95122;0
95127;0
95131;0
95140;0
95144;0
95148;1
95154;0
95155;0
95156;0
95157;0
95160;1
95173;1
95174;0
95182;0
95184;0
95186;1
95190;0
95201;0
95204;0
95209;0
95211;0
95220;0
95221;0
95225;0
95240;1
95245;0
95249;0
95252;1
95254;0
95256;0
95260;1
95266;0
95268;0
95270;0
95279;0
95281;1
95284;0
95285;1
95289;1
95295;0
95307;1
95309;0
95314;0
95315;0
95317;1
95321;0
95327;0
95329;0
95333;0
95336;0
95337;0
95342;0
95344;0
95349;0
95350;0
95359;1
95360;0
95363;0
95364;1
95369;0
95374;0
95388;0
95389;0
95393;1
95396;0
95398;0
95402;0
95403;0
95405;0
95408;0
95409;0
95410;1
95415;1
95419;0
95420;0
95421;0
95429;0
95433;0
95449;1
95455;0
95456;0
95459;0
95461;0
95466;0
95477;0
95479;1
95482;0
95486;0
95487;0
95491;0
95495;1
95504;0
95505;0
95506;0
95515;0
95521;0
95523;0
95532;0
95535;0
95538;1
95540;0
95541;0
95544;1
95547;0
95550;0
95551;0
95559;1
95561;0
95565;0
95569;1
95580;0
95585;0
95586;0
95598;0
95600;0
95601;0
95604;1
95610;0
95612;0
95616;0
95619;0
95623;0
95631;0
95637;1
95638;0
95642;0
95646;0
95648;1
95649;0
95654;0
95659;1
95664;0
95667;0
95668;0
95669;0
95670;0
95672;0
95679;0
95681;1
95684;0
95685;0
95686;1
95690;0
95694;0
95699;0
95701;0
95702;0
95707;1
95709;0
95714;0
95716;0
95723;1
95725;0
95728;0
95732;0
95734;1
95745;0
95747;0
95749;0
95758;1
95759;0
95764;0
95765;0
95766;1
95773;0
95774;0
95777;1
95778;0
95784;0
95787;0
95797;0
95811;0
95813;0
95822;1
95823;0
95825;0
95826;0
95827;0
95829;0
95830;0
95833;0
95838;0
95840;0
95842;0
95844;1
95846;0
95853;0
95856;0
95859;0
95861;0
95862;1
95863;0
95865;0
95871;0
95873;1
95879;1
95882;1
95883;0
95888;0
95889;0
95895;0
95896;0
95900;0
95903;0
95905;0
95906;1
95913;1
95914;0
95925;1
95936;1
95939;1
95941;1
95942;0
95955;0
95961;0
95965;0
95970;0
95971;0
95974;0
95976;0
95977;1
95979;0
95980;0
95982;0
95984;0
95990;0
95992;0
95995;0
95997;0
95998;0
96000;0
96001;0
96008;0
96014;0
96015;0
96016;0
96030;0
96031;0
96034;1
96036;0
96042;0
96045;1
96050;0
96052;0
96055;0
96060;0
96063;0
96065;0
96069;0
96075;1
96084;1
96088;0
96089;0
96094;0
96095;0
96096;1
96100;0
96106;0
96108;0
96109;0
96115;0
96118;0
96120;0
96131;0
96132;0
96145;0
96151;0
96152;1
96158;1
96163;0
96166;0
96170;0
96172;0
96175;0
96177;0
96179;0
96180;0
96184;1
96187;0
96189;0
96194;0
96197;0
96199;0
96202;0
96204;0
96215;1
96224;0
96230;0
96231;0
96233;0
96237;1
96239;0
96246;0
96264;0
96269;0
96270;0
96272;0
96279;1
96292;0
96306;0
96307;1
96308;0
96309;1
96315;0
96316;0
96318;0
96323;0
96328;0
96333;1
96334;0
96336;0
96337;0
96344;0
96346;0
96348;0
96354;0
96360;0
96362;0
96367;1
96376;1
96379;0
96387;0
96389;0
96391;0
96394;0
96405;0
96407;0
96412;0
96422;1
96423;0
96429;0
96432;0
96434;0
96437;0
96438;0
96439;0
96440;0
96443;0
96445;0
96448;0
96450;0
96451;0
96454;0
96462;0
96470;0
96472;0
96475;0
96483;0
96484;0
96490;0
96493;0
96494;0
96497;0
96500;1
96507;1
96508;1
96511;0
96514;1
96516;1
96531;0
96541;1
96543;0
96553;0
96554;0
96559;1
96561;0
96564;0
96573;1
96584;1
96592;0
96596;0
96597;0
96599;0
96610;0
96617;0
96618;0
96620;0
96623;1
96628;0
96632;0
96634;1
96636;0
96638;0
96640;0
96641;0
96660;0
96661;1
96666;0
96668;1
96671;0
96675;0
96680;0
96681;1
96682;0
96684;0
96687;1
96696;0
96697;0
96703;0
96705;0
96710;0
96715;0
96718;0
96719;0
96724;0
96726;0
96728;0
96731;0
96736;0
96739;0
96741;0
96748;0
96750;0
96751;0
96754;1
96758;1
96760;1
96769;0
96773;0
96774;0
96775;0
96780;1
96794;0
96796;0
96798;1
96800;0
96804;1
96817;0
96821;0
96824;0
96828;0
96829;0
96836;0
96838;0
96843;0
96844;0
96845;1
96846;0
96847;0
96851;1
96863;0
96864;0
96870;0
96875;0
96881;0
96884;1
96890;0
96891;0
96892;0
96893;0
96895;0
96899;0
96909;0
96911;0
96913;0
96914;0
96916;0
96921;0
96928;0
96931;0
96937;0
96939;1
96942;0
96946;0
96949;0
96953;0
96957;0
96958;0
96961;0
96965;1
96971;0
96973;0
96974;0
96976;0
96981;0
96983;1
96992;0
96995;0
97004;0
97007;1
97017;0
97019;0
97021;1
97025;0
97028;0
97029;1
97044;0
97047;0
97053;0
97055;1
97060;0
97065;0
97070;0
97071;1
97074;0
97090;0
97091;0
97097;0
97099;1
97111;1
97112;1
97114;0
97118;1
97121;0
97122;1
97124;0
97135;0
97136;1
97148;0
97151;0
97154;0
97157;0
97158;0
97159;0
97162;0
97165;0
97177;0
97178;0
97182;0
97186;1
97189;0
97191;0
97207;0
97210;1
97211;0
97212;0
97214;0
97218;0
97222;0
97224;0
97225;1
97228;0
97230;0
97239;0
97243;0
97248;0
97253;0
97254;0
97256;0
97257;0
97259;0
97260;0
97263;1
97264;0
97266;1
97271;0
97276;0
97282;0
97286;0
97287;0
97294;0
97295;0
97297;0
97300;1
97305;1
97308;0
97309;0
97312;0
97315;1
97318;0
97319;0
97320;0
97326;0
97327;1
97329;1
97330;0
97332;0
97336;0
97339;0
97343;0
97344;1
97349;0
97351;1
97354;1
97356;0
97358;0
97362;0
97370;0
97380;0
97381;0
97382;1
97393;1
97395;0
97397;0
97402;0
97408;0
97409;0
97410;0
97414;0
97415;0
97427;0
97428;0
97430;0
97431;1
97436;0
97441;0
97445;1
97453;1
97457;0
97459;1
97463;0
97467;0
97468;1
97470;0
97483;0
97491;0
97493;0
97500;1
97504;0
97509;0
97510;0
97512;0
97513;0
97518;0
97520;0
97521;0
97522;0
97523;0
97525;0
97526;1
97528;0
97529;1
97530;0
97536;0
97538;1
97539;0
97541;0
97546;0
97547;0
97551;0
97558;0
97565;0
97567;0
97568;0
97570;0
97572;1
97574;1
97580;0
97582;0
97584;0
97587;0
97591;0
97596;0
97602;0
97603;0
97605;1
97608;0
97609;0
97610;0
97616;1
97619;0
97624;0
97625;0
97634;0
97645;0
97646;0
97657;0
97662;0
97664;0
97666;0
97667;0
97671;1
97673;1
97676;0
97682;0
97685;0
97688;0
97690;0
97693;0
97696;0
97697;0
97698;0
97699;1
97702;0
97707;0
97712;0
97717;1
97718;0
97724;0
97725;0
97734;0
97737;0
97738;0
97739;1
97740;0
97744;0
97746;0
97752;0
97753;0
97755;0
97757;1
97765;0
97771;0
97775;0
97777;0
97783;0
97784;0
97785;1
97788;1
97794;0
97797;0
97798;0
97801;1
97811;0
97812;0
97818;0
97823;0
97825;1
97827;0
97831;0
97832;1
97836;0
97837;0
97839;0
97842;0
97843;0
97851;0
97852;0
97858;0
97863;0
97869;1
97876;0
97878;0
97880;0
97883;1
97894;1
97896;0
97902;1
97903;0
97912;0
97914;0
97921;0
97922;0
97941;0
97942;0
97966;1
97968;0
97970;1
97973;0
97983;0
97985;0
97987;0
97988;0
97989;0
97998;0
98002;0
98009;0
98025;0
98028;0
98029;0
98033;0
98035;0
98038;1
98042;0
98045;0
98047;0
98058;0
98059;1
98062;0
98070;0
98081;0
98082;0
98087;0
98090;0
98094;0
98096;0
98097;0
98108;1
98109;1
98114;0
98118;0
98119;0
98120;0
98124;0
98131;0
98132;0
98138;1
98139;0
98142;0
98144;0
98145;0
98149;0
98157;0
98162;0
98167;0
98173;0
98174;0
98177;0
98180;0
98186;0
98188;0
98189;1
98201;0
98203;0
98205;0
98212;1
98220;0
98230;1
98234;0
98235;0
98236;0
98237;0
98241;1
98246;0
98247;1
98258;0
98261;1
98262;0
98266;1
98275;0
98282;1
98284;1
98296;1
98300;0
98302;0
98305;0
98315;1
98317;0
98325;0
98328;0
98330;0
98335;0
98343;0
98345;0
98349;1
98355;0
98356;0
98358;0
98359;0
98360;0
98361;0
98363;0
98367;0
98369;0
98371;0
98372;0
98374;0
98386;1
98390;1
98391;1
98395;1
98396;0
98397;0
98399;0
98400;0
98406;1
98415;0
98426;1
98439;0
98440;0
98441;0
98442;0
98445;0
98461;0
98462;0
98466;0
98467;1
98468;0
98471;0
98474;1
98475;0
98477;0
98479;0
98483;0
98484;0
98490;0
98493;0
98498;0
98500;0
98501;0
98502;0
98503;0
98513;0
98515;0
98520;0
98530;1
98533;0
98535;1
98536;0
98539;0
98544;1
98549;0
98554;0
98558;0
98563;1
98566;1
98569;0
98578;0
98583;0
98594;0
98595;0
98596;0
98604;0
98609;1
98616;0
98622;0
98625;1
98630;1
98635;0
98637;0
98640;0
98641;1
98644;0
98649;0
98655;0
98665;0
98669;0
98671;0
98683;0
98684;0
98685;0
98690;1
98692;0
98698;0
98706;0
98711;1
98726;0
98729;0
98732;1
98733;0
98735;0
98739;0
98743;0
98751;1
98753;1
98764;0
98774;0
98775;0
98777;1
98781;0
98786;0
98792;0
98801;0
98809;0
98815;0
98824;0
98831;0
98838;0
98842;0
98845;0
98849;0
98852;0
98856;0
98862;0
98863;0
98865;0
98866;0
98870;0
98872;0
98873;0
98874;0
98875;0
98876;0
98883;0
98888;0
98890;0
98891;0
98900;1
98903;0
98908;0
98913;1
98915;0
98916;0
98921;0
98927;0
98928;0
98932;0
98936;0
98938;0
98949;0
98952;0
98955;0
98958;0
98972;0
98974;0
98976;0
98977;0
98984;0
98985;0
98986;0
98990;0
98992;0
98995;0
98997;0
98998;0
99004;1
99016;0
99021;0
99029;0
99030;1
99031;0
99033;0
99034;0
99037;0
99039;0
99044;1
99047;0
99052;0
99055;0
99058;0
99059;0
99061;1
99063;1
99069;0
99080;0
99081;0
99083;0
99092;1
99096;1
99103;0
99104;0
99111;0
99121;1
99123;0
99128;1
99129;0
99131;0
99142;0
99144;1
99157;0
99162;0
99164;0
99165;0
99166;1
99171;0
99174;0
99184;0
99194;1
99196;0
99205;1
99207;0
99213;0
99215;0
99217;0
99224;0
99228;1
99233;0
99235;0
99239;1
99248;1
99250;0
99251;1
99257;0
99258;0
99259;0
99260;0
99261;0
99264;0
99270;0
99272;0
99273;0
99279;1
99281;0
99282;0
99285;0
99286;0
99288;0
99292;0
99295;0
99305;0
99311;0
99313;1
99314;1
99319;0
99320;0
99323;0
99326;0
99330;0
99332;0
99339;0
99341;0
99344;1
99347;0
99351;1
99358;0
99360;0
99364;1
99366;0
99367;0
99372;0
99375;0
99376;0
99377;0
99383;0
99395;1
99398;0
99401;0
99403;0
99405;0
99406;0
99408;0
99411;0
99416;1
99417;0
99418;0
99422;0
99426;0
99430;0
99432;0
99440;0
99444;0
99446;0
99457;0
99463;0
99467;0
99468;0
99481;0
99485;0
99487;0
99494;0
99498;0
99499;0
99500;0
99504;0
99506;0
99508;1
99509;0
99512;0
99517;0
99520;0
99533;0
99535;0
99539;0
99545;1
99548;1
99554;0
99558;0
99562;1
99566;1
99568;0
99573;0
99574;1
99577;0
99578;0
99580;0
99588;0
99589;1
99594;1
99596;0
99605;0
99606;0
99610;1
99617;0
99622;0
99627;0
99630;0
99637;0
99638;0
99641;1
99643;0
99652;0
99655;0
99659;0
99668;0
99671;1
99678;1
99680;0
99683;1
99684;1
99685;0
99688;0
99691;0
99692;0
99699;0
99704;0
99706;0
99708;0
99722;1
99725;1
99726;0
99731;0
99734;0
99735;0
99742;0
99743;0
99744;0
99746;0
99749;0
99753;0
99757;0
99759;0
99764;1
99775;0
99776;0
99785;0
99789;0
99794;0
99795;1
99797;0
99798;1
99801;0
99805;0
99813;0
99821;0
99829;0
99832;0
99838;0
99843;1
99847;0
99858;1
99865;0
99867;0
99869;0
99876;0
99878;1
99879;0
99881;0
99885;0
99896;1
99897;0
99902;0
99904;0
99905;0
99908;0
99911;0
99916;0
99918;1
99922;0
99931;0
99932;0
99936;0
99938;0
99940;1
99942;0
99947;0
99949;0
99950;0
99951;1
99960;0
99961;0
99962;0
99969;0
99970;0
99975;0
99977;0
99979;0
99980;0
99981;1
99985;0
99994;0
99996;1
100000;0
100004;0
100005;0
100009;0
100011;0
100014;1
100019;0
100032;0
100035;1
100037;0
100043;0
100044;0
100045;0
100046;0
100049;0
100053;0
100058;0
100059;0
100066;0
100067;0
100069;0
100072;0
100094;0
100095;0
100098;0
100099;0
100101;1
100102;0
100103;0
100104;0
100105;0
100108;0
100109;0
100122;0
100124;0
100127;0
100129;1
100130;0
100131;1
100133;0
100134;1
100137;0
100138;0
100139;0
100141;0
100142;0
100144;0
100147;0
100150;0
100152;0
100178;0
100181;0
100183;0
100188;0
100195;0
100197;0
100198;0
100201;0
100204;0
100212;0
100213;1
100214;0
100216;0
100217;1
100220;0
100222;0
100223;0
100227;0
100233;0
100234;0
100235;1
100236;0
100244;0
100248;0
100252;0
100255;0
100264;1
100267;0
100272;0
100277;0
100279;0
100280;0
100284;0
100285;0
100286;0
100290;0
100294;0
100302;0
100305;1
100306;0
100307;1
100308;0
100310;0
100313;0
100319;0
100321;0
100330;0
100337;0
100343;0
100349;0
100353;1
100355;0
100357;0
100362;0
100364;0
100366;0
100371;0
100381;0
100383;1
100384;0
100385;0
100386;0
100387;1
100401;0
100402;0
100407;0
100411;0
100429;0
100435;0
100437;0
100441;0
100443;1
100455;0
100457;0
100459;1
100464;1
100473;0
100474;1
100478;0
100480;0
100490;0
100502;0
100506;0
100507;0
100511;0
100512;0
100513;0
100516;0
100517;0
100518;0
100521;0
100522;0
100523;0
100525;0
100526;0
100531;0
100532;0
100533;0
100548;1
100553;1
100554;0
100556;1
100558;0
100569;0
100574;0
100581;0
100583;0
100588;0
100591;0
100598;1
100600;0
100601;1
100606;0
100612;1
100619;0
100623;0
100625;0
100628;1
100634;0
100636;0
100637;1
100638;0
100650;0
100651;0
100652;0
100659;0
100664;0
100668;0
100669;1
100673;0
100681;0
100685;1
100686;0
100687;0
100699;0
100700;0
100702;1
100703;0
100704;0
100715;1
100718;0
100720;0
100723;0
100728;0
100729;0
100730;1
100731;0
100736;1
100741;0
100743;0
100747;0
100751;0
100756;0
100757;0
100758;0
100760;0
100762;0
100765;0
100767;0
100770;0
100776;0
100781;0
100789;1
100798;0
100810;0
100812;1
100817;1
100836;1
100837;0
100840;0
100844;0
100848;0
100849;0
100853;0
100854;0
100859;1
100863;1
100866;1
100877;0
100879;0
100880;0
100882;0
100884;0
100885;0
100886;0
100892;0
100898;0
100905;0
100908;0
100909;0
100911;0
100915;0
100918;0
100921;0
100927;1
100929;0
100935;0
100937;0
100939;0
100942;0
100943;0
100945;1
100956;0
100958;0
100969;0
100970;1
100973;1
100976;0
100978;1
100979;0
100981;0
100983;0
100989;0
100990;0
100991;0
100994;0
100997;0
101003;0
101005;0
101007;0
101008;0
101014;1
101015;1
101021;0
101023;0
101026;0
101028;0
101029;0
101034;0
101043;1
101053;0
101058;0
101061;0
101062;0
101064;0
101067;0
101068;0
101070;0
101072;1
101089;0
101092;1
101097;0
101099;0
101101;0
101102;0
101103;0
101104;0
101123;0
101126;0
101127;0
101132;0
101136;0
101139;0
101142;0
101145;0
101150;0
101151;0
101154;1
101164;0
101169;0
101173;0
101174;1
101175;1
101176;0
101178;0
101183;0
101187;0
101188;0
101191;0
101193;0
101194;0
101197;0
101200;0
101201;0
101202;0
101204;0
101213;1
101216;0
101222;0
101239;0
101241;1
101261;1
101262;0
101264;0
101265;0
101266;0
101271;0
101301;0
101307;0
101312;0
101318;0
101322;0
101326;0
101329;0
101331;0
101338;0
101343;0
101348;0
101350;0
101353;0
101358;0
101360;1
101368;0
101371;1
101380;0
101381;0
101383;0
101388;0
101389;1
101394;0
101400;1
101407;0
101415;0
101416;0
101418;0
101421;0
101422;0
101427;0
101433;1
101437;0
101438;1
101439;0
101450;0
101452;0
101464;0
101469;0
101471;1
101472;0
101474;0
101476;0
101478;0
101487;0
101490;0
101494;0
101498;0
101502;0
101515;0
101519;0
101528;0
101530;0
101537;0
101538;0
101544;0
101545;1
101550;0
101552;0
101553;1
101556;1
101557;0
101560;0
101561;0
101563;0
101566;1
101567;0
101569;0
101572;1
101575;0
101576;0
101595;1
101597;1
101599;0
101600;1
101603;0
101604;0
101608;0
101612;0
101614;0
101617;0
101618;0
101620;1
101623;0
101624;0
101630;0
101641;0
101646;0
101647;0
101659;0
101663;0
101668;0
101670;0
101671;0
101672;1
101680;1
101687;0
101701;0
101709;0
101715;0
101717;1
101718;0
101719;0
101725;0
101729;0
101730;0
101734;0
101738;0
101748;0
101750;0
101751;0
101756;0
101763;1
101768;0
101770;0
101786;0
101790;0
101793;0
101795;0
101797;0
101810;1
101816;0
101821;0
101823;0
101826;0
101831;0
101834;0
101837;0
101839;1
101840;0
101841;0
101842;0
101843;0
101850;0
101870;0
101873;0
101874;0
101876;0
101877;1
101881;0
101889;0
101890;0
101894;0
101896;0
101897;0
101907;0
101914;0
101915;0
101917;0
101923;0
101932;0
101933;0
101936;0
101939;0
101945;0
101947;0
101950;0
101954;1
101955;0
101956;0
101958;1
101963;0
101964;0
101973;0
101974;0
101975;0
101977;0
101979;1
101980;0
101981;0
101992;0
101994;0
101997;0
102001;0
102007;0
102009;0
102011;0
102012;0
102015;0
102019;0
102020;0
102023;0
102024;1
102026;0
102029;0
102032;0
102038;1
102048;0
102049;1
102056;0
102058;0
102064;0
102065;0
102066;0
102068;0
102069;1
102071;0
102073;1
102075;0
102079;0
102080;0
102087;0
102092;0
102104;0
102117;1
102120;1
102121;1
102123;0
102128;0
102130;1
102134;0
102138;1
102140;0
102143;0
102145;0
102150;0
102152;0
102153;1
102160;0
102161;0
102168;0
102170;0
102172;0
102173;1
102178;0
102182;0
102186;1
102187;0
102192;0
102197;0
102206;0
102208;0
102209;0
102218;1
102220;0
102227;1
102230;0
102231;0
102233;0
102239;0
102242;1
102245;0
102251;0
102253;1
102259;0
102261;1
102266;0
102267;0
102268;0
102269;1
102274;0
102287;0
102289;0
102297;0
102298;0
102300;0
102303;0
102305;0
102306;0
102307;0
102313;0
102318;0
102321;0
102331;0
102333;0
102335;0
102339;0
102340;0
102344;0
102350;0
102355;0
102360;0
102361;0
102363;0
102364;1
102366;0
102369;0
102373;0
102374;0
102378;0
102379;0
102398;0
102401;0
102411;1
102415;0
102416;0
102423;1
102426;0
102427;0
102435;1
102448;1
102449;0
102453;0
102459;0
102460;0
102470;0
102475;1
102477;1
102478;0
102481;1
102482;0
102484;0
102486;0
102487;0
102493;0
102495;0
102499;0
102512;1
102521;0
102533;0
102536;0
102537;0
102538;0
102539;0
102546;0
102549;0
102550;0
102553;0
102564;0
102566;1
102568;1
102578;0
102581;0
102582;0
102588;0
102589;0
102595;0
102599;1
102604;0
102606;0
102608;0
102609;1
102612;0
102613;0
102617;1
102622;1
102626;0
102634;0
102635;0
102641;0
102642;0
102646;0
102649;0
102652;0
102655;0
102656;0
102659;1
102661;1
102671;0
102674;0
102686;0
102688;1
102689;1
102690;1
102691;0
102695;0
102697;0
102702;0
102703;0
102706;0
102711;0
102713;0
102715;0
102717;0
102718;0
102724;0
102731;0
102732;0
102735;1
102739;0
102741;1
102744;0
102746;0
102751;0
102761;0
102764;0
102766;0
102768;0
102770;1
102773;0
102774;0
102775;0
102778;0
102789;0
102792;1
102796;1
102797;1
102799;1
102812;0
102817;0
102818;0
102824;0
102827;0
102828;1
102830;0
102831;0
102841;0
102845;0
102847;1
102849;0
102850;0
102853;0
102855;1
102860;0
102867;1
102870;0
102876;0
102879;0
102884;0
102887;0
102890;0
102893;0
102895;0
102899;0
102903;0
102906;0
102907;0
102909;0
102913;0
102916;0
102918;1
102919;1
102920;0
102922;0
102924;0
102927;1
102930;0
102931;1
102933;0
102934;0
102947;0
102948;0
102949;0
102954;0
102959;0
102960;1
102961;0
102979;1
102981;0
102982;1
102986;0
102988;0
102990;0
102992;0
102995;0
102996;1
102997;0
103004;0
103005;0
103010;0
103015;0
103016;1
103017;0
103019;1
103024;0
103027;0
103031;1
103033;0
103047;0
103048;0
103049;0
103050;1
103052;1
103053;1
103056;0
103065;0
103073;1
103077;1
103081;0
103083;0
103084;1
103085;0
103086;0
103092;1
103094;0
103098;0
103104;0
103106;0
103107;0
103109;0
103110;1
103112;0
103122;1
103130;0
103132;0
103142;0
103143;0
103147;0
103148;0
103150;0
103151;0
103153;0
103160;0
103162;0
103165;0
103166;0
103167;0
103169;0
103170;0
103175;0
103179;0
103190;0
103196;1
103197;0
103221;0
103222;0
103225;0
103232;0
103237;0
103238;1
103242;0
103254;0
103255;0
103264;1
103276;0
103279;1
103285;0
103287;0
103295;0
103297;0
103303;0
103311;0
103313;1
103317;0
103329;0
103334;0
103336;0
103338;0
103339;0
103342;0
103343;0
103345;1
103350;1
103351;0
103364;1
103371;0
103375;0
103379;0
103380;0
103384;0
103386;1
103392;0
103397;0
103402;0
103409;0
103415;0
103424;0
103426;0
103439;0
103441;1
103448;0
103454;0
103466;1
103470;1
103476;0
103481;0
103502;0
103503;0
103504;0
103506;0
103507;0
103512;0
103517;1
103520;0
103522;0
103524;0
103526;0
103533;0
103536;0
103541;0
103546;1
103547;1
103549;0
103551;0
103554;0
103558;0
103564;0
103565;0
103567;1
103575;0
103576;1
103582;0
103590;0
103591;0
103599;0
103603;0
103607;0
103610;0
103620;0
103621;0
103622;1
103624;0
103630;0
103637;0
103642;1
103644;0
103648;0
103654;0
103659;0
103667;0
103672;1
103674;0
103676;0
103687;1
103688;1
103689;0
103693;0
103696;0
103706;0
103709;0
103715;0
103716;1
103718;0
103721;0
103726;0
103729;0
103730;0
103733;0
103736;0
103737;0
103739;0
103740;0
103744;1
103746;1
103747;0
103748;0
103766;0
103770;0
103772;0
103779;0
103789;0
103793;1
103802;0
103805;0
103808;0
103814;0
103817;1
103819;0
103821;0
103825;0
103830;0
103847;0
103871;0
103882;1
103883;0
103885;0
103891;0
103892;0
103895;0
103901;1
103902;0
103903;0
103909;0
103915;0
103918;1
103920;0
103926;0
103927;0
103929;0
103930;0
103933;0
103934;0
103937;0
103948;0
103951;0
103955;0
103956;0
103964;0
103966;0
103976;0
103986;1
103990;0
103992;1
104004;0
104005;1
104008;0
104009;0
104012;0
104016;0
104020;0
104022;0
104023;0
104026;0
104029;0
104041;0
104043;1
104048;1
104051;1
104060;0
104062;0
104063;0
104068;0
104070;0
104072;1
104074;0
104078;0
104085;1
104090;0
104092;0
104093;0
104102;0
104106;1
104108;0
104110;0
104113;0
104116;0
104120;0
104122;0
104129;0
104132;1
104135;1
104138;0
104140;0
104145;0
104148;0
104163;1
104168;1
104173;0
104179;1
104181;0
104182;0
104186;0
104196;0
104197;0
104200;1
104206;0
104208;1
104211;0
104216;0
104223;0
104229;0
104233;0
104238;0
104242;0
104247;1
104251;0
104252;0
104253;0
104254;0
104265;0
104268;0
104280;0
104281;0
104284;0
104293;0
104294;0
104301;0
104302;0
104306;0
104313;0
104314;0
104318;0
104323;1
104334;0
104335;0
104343;0
104344;1
104352;0
104367;1
104369;0
104374;0
104375;0
104377;0
104378;0
104391;1
104398;1
104400;0
104406;0
104407;0
104408;0
104414;0
104419;1
104424;1
104427;0
104435;1
104436;0
104439;0
104440;0
104442;0
104447;0
104450;0
104454;1
104459;1
104463;0
104465;1
104469;0
104474;0
104475;1
104478;1
104480;0
104482;0
104487;0
104491;0
104498;0
104499;1
104502;0
104504;0
104505;1
104512;1
104515;0
104516;0
104517;0
104523;1
104524;0
104525;0
104526;0
104529;0
104531;0
104532;1
104533;0
104540;0
104546;0
104547;0
104552;0
104554;0
104559;0
104566;0
104569;0
104576;1
104579;0
104587;0
104589;1
104590;0
104601;0
104624;1
104628;0
104629;0
104631;0
104634;0
104635;0
104636;1
104642;0
104644;0
104645;0
104657;0
104666;0
104668;0
104669;0
104677;0
104691;0
104699;0
104701;1
104702;0
104705;0
104707;0
104712;0
104713;0
104726;0
104732;0
104733;1
104737;0
104738;0
104749;1
104754;0
104756;0
104758;0
104761;0
104762;0
104763;0
104766;0
104771;0
104776;0
104778;0
104779;1
104781;0
104785;0
104787;0
104790;0
104795;0
104798;0
104800;0
104803;0
104812;0
104813;0
104814;0
104818;1
104821;0
104823;0
104830;0
104833;1
104834;0
104835;0
104838;0
104846;0
104847;0
104851;0
104853;0
104855;0
104857;0
104859;0
104862;0
104864;0
104877;1
104881;0
104889;0
104890;0
104893;1
104895;0
104897;0
104901;1
104903;0
104904;0
104906;0
104908;1
104912;0
104920;0
104924;0
104927;0
104929;0
104930;0
104932;1
104937;0
104943;0
104944;0
104947;0
104954;0
104955;1
104956;0
104967;0
104971;0
104972;0
104973;0
104977;0
104981;0
104993;0
104997;1
104998;1
105001;0
105005;0
105006;0
105007;1
105008;0
105012;0
105014;0
105016;0
105019;1
105021;0
105022;0
105023;0
105024;0
105027;0
105031;0
105032;0
105033;1
105038;0
105039;0
105040;0
105042;0
105046;0
105048;0
105050;0
105053;0
105065;0
105066;0
105073;0
105078;0
105083;0
105086;0
105087;0
105097;0
105099;0
105100;0
105107;0
105109;0
105116;0
105119;0
105123;0
105128;0
105130;0
105131;0
105133;0
105137;0
105141;0
105146;0
105151;0
105152;1
105157;0
105158;1
105160;0
105165;0
105167;0
105169;0
105178;0
105181;0
105183;0
105185;1
105188;0
105196;1
105197;0
105200;1
105201;0
105202;0
105205;0
105207;0
105208;0
105213;1
105215;0
105216;0
105217;0
105223;0
105227;0
105230;1
105233;0
105236;0
105237;0
105240;1
105243;0
105251;0
105254;0
105255;0
105258;0
105261;0
105265;0
105268;0
105273;0
105276;0
105279;1
105282;0
105291;0
105300;0
105309;0
105311;0
105314;0
105319;0
105320;0
105322;0
105324;0
105327;1
105336;0
105338;0
105352;0
105357;1
105358;0
105359;1
105362;0
105370;0
105374;0
105379;0
105381;0
105385;0
105387;0
105396;0
105401;0
105402;0
105405;0
105412;0
105416;1
105418;0
105424;1
105429;1
105432;0
105440;0
105441;1
105443;1
105445;0
105446;0
105451;0
105453;1
105454;0
105471;0
105472;0
105480;0
105481;0
105487;1
105488;0
105489;1
105491;1
105502;0
105505;0
105513;1
105515;0
105524;0
105529;0
105536;0
105538;0
105551;0
105553;0
105554;0
105561;0
105569;0
105571;0
105578;1
105585;0
105592;0
105599;0
105606;0
105609;0
105616;0
105628;0
105631;0
105633;0
105635;0
105638;0
105639;0
105645;0
105648;0
105649;0
105651;0
105655;0
105658;0
105675;0
105676;0
105677;0
105681;0
105694;0
105696;0
105702;0
105707;0
105708;0
105710;0
105711;0
105714;0
105716;0
105721;0
105724;0
105726;0
105727;0
105728;1
105729;0
105730;0
105738;0
105740;0
105745;0
105750;1
105751;0
105754;0
105756;0
105757;0
105766;0
105768;0
105771;0
105772;0
105781;1
105785;1
105787;0
105795;0
105797;0
105800;0
105802;0
105809;0
105814;0
105815;0
105819;1
105825;1
105827;0
105829;0
105833;0
105839;0
105841;0
105842;1
105847;0
105849;1
105853;0
105857;0
105858;1
105869;0
105870;0
105872;1
105883;0
105890;0
105897;0
105899;0
105905;1
105908;0
105909;0
105910;0
105911;0
105913;0
105917;0
105922;0
105924;0
105928;0
105929;0
105931;1
105933;0
105936;0
105937;0
105939;1
105941;0
105942;0
105943;0
105946;0
105948;0
105954;0
105955;0
105960;0
105961;0
105966;0
105974;0
105975;1
105986;1
105987;0
105988;1
105991;0
105993;0
105996;0
105997;0
106000;1
106006;0
106012;0
106017;0
106020;0
106023;0
106027;0
106036;0
106039;0
106046;0
106047;1
106050;0
106055;0
106056;0
106061;0
106067;0
106071;0
106072;0
106079;0
106080;0
106086;0
106089;1
106093;0
106094;0
106100;0
106101;0
106104;1
106106;1
106107;0
106110;0
106111;1
106123;0
106129;0
106131;0
106136;0
106139;0
106140;0
106141;1
106149;0
106151;1
106153;0
106154;0
106155;0
106159;0
106161;1
106162;0
106167;1
106170;0
106177;0
106181;0
106182;0
106188;0
106189;0
106193;0
106196;1
106197;0
106202;0
106205;0
106208;0
106209;0
106211;1
106212;0
106214;0
106226;0
106233;0
106234;0
106235;0
106238;0
106239;1
106242;0
106249;0
106252;0
106256;0
106264;1
106265;1
106268;0
106269;0
106273;0
106281;0
106295;0
106297;1
106299;0
106311;0
106314;0
106315;1
106317;0
106319;0
106320;1
106324;0
106325;0
106327;1
106332;0
106335;0
106339;0
106340;0
106346;0
106349;0
106353;0
106355;0
106358;0
106359;0
106363;1
106371;0
106372;0
106376;0
106378;0
106380;0
106396;0
106399;0
106404;0
106412;0
106415;0
106418;0
106419;0
106420;0
106422;1
106424;1
106427;0
106430;0
106435;0
106437;1
106439;0
106441;0
106445;0
106448;0
106449;0
106450;0
106452;0
106456;0
106459;0
106461;0
106462;0
106463;1
106467;1
106468;0
106472;0
106474;0
106483;0
106484;0
106487;0
106489;0
106490;0
106492;0
106501;0
106503;0
106506;0
106507;0
106509;0
106512;0
106514;0
106515;0
106525;0
106530;0
106533;0
106536;0
106537;0
106538;0
106556;0
106562;1
106563;0
106570;0
106575;0
106578;0
106584;0
106595;0
106602;1
106603;0
106605;0
106607;0
106618;0
106623;0
106626;1
106627;0
106629;0
106632;0
106635;0
106637;1
106644;0
106651;0
106652;0
106655;0
106656;0
106658;0
106660;0
106663;0
106666;0
106680;0
106687;0
106690;0
106695;0
106698;0
106700;0
106701;0
106703;0
106706;0
106711;1
106715;0
106717;0
106722;0
106724;0
106725;1
106729;0
106732;1
106735;0
106738;1
106750;0
106752;0
106753;0
106757;0
106763;1
106770;0
106774;0
106776;0
106778;1
106779;1
106788;0
106791;0
106799;0
106800;0
106808;0
106816;0
106819;0
106825;0
106826;0
106827;0
106828;0
106836;0
106840;0
106842;0
106844;1
106846;0
106855;0
106861;0
106866;0
106873;0
106874;0
106881;0
106884;0
106889;0
106894;1
106895;0
106902;0
106905;0
106913;0
106921;0
106929;0
106935;0
106939;0
106940;0
106943;0
106950;1
106951;0
106957;0
106958;0
106960;0
106962;0
106963;1
106968;1
106976;0
106977;0
106985;0
106986;0
106987;0
106988;0
106991;1
106992;0
106993;0
106997;0
107002;0
107003;0
107006;0
107011;0
107016;0
107019;0
107020;0
107023;0
107024;0
107025;0
107026;1
107035;0
107050;1
107055;0
107060;1
107062;1
107065;0
107070;0
107071;0
107072;0
107077;0
107093;0
107095;0
107097;0
107101;0
107103;0
107104;0
107109;0
107112;0
107119;0
107123;0
107126;0
107127;0
107133;0
107134;0
107136;0
107138;0
107143;0
107147;0
107152;0
107155;0
107157;0
107161;1
107165;0
107166;0
107186;0
107203;0
107207;0
107213;0
107216;0
107222;0
107223;1
107231;0
107234;1
107238;1
107239;0
107240;0
107243;0
107248;1
107249;0
107250;1
107251;1
107252;0
107254;0
107255;0
107260;0
107269;0
107270;1
107274;1
107280;0
107291;0
107294;0
107297;1
107302;0
107303;0
107305;0
107308;0
107315;0
107316;0
107327;0
107328;0
107329;0
107331;0
107345;0
107348;0
107349;0
107350;0
107358;0
107366;0
107367;0
107374;0
107376;0
107377;0
107382;0
107383;0
107391;0
107392;0
107393;0
107394;0
107395;0
107403;1
107407;0
107411;0
107412;0
107416;0
107421;0
107423;1
107425;1
107426;1
107427;1
107432;0
107433;0
107436;0
107444;0
107459;0
107460;0
107462;0
107463;1
107464;1
107473;0
107474;0
107475;0
107476;1
107482;0
107483;1
107486;1
107487;0
107494;1
107503;1
107505;0
107508;0
107509;0
107516;0
107523;0
107524;1
107534;0
107544;1
107547;0
107549;0
107557;0
107562;0
107565;1
107568;0
107570;1
107572;1
107574;0
107575;0
107578;1
107579;1
107581;0
107586;0
107592;1
107594;0
107599;0
107602;1
107607;0
107613;0
107614;0
107617;0
107618;0
107621;0
107623;0
107625;0
107627;0
107629;0
107630;0
107637;1
107638;0
107640;0
107641;0
107642;0
107646;0
107648;0
107651;1
107657;0
107658;0
107660;0
107661;0
107662;0
107666;0
107669;0
107675;0
107680;0
107683;0
107684;1
107697;0
107705;0
107710;0
107712;0
107713;1
107714;0
107717;0
107718;0
107723;0
107724;0
107729;0
107731;0
107733;0
107739;0
107743;1
107744;1
107758;0
107760;0
107761;0
107764;0
107767;1
107769;0
107770;0
107774;1
107782;1
107791;0
107793;1
107794;0
107795;0
107799;0
107808;0
107822;0
107824;0
107826;0
107827;0
107833;0
107834;0
107835;1
107840;0
107841;0
107842;1
107844;0
107845;0
107846;1
107851;1
107854;0
107856;0
107857;0
107859;0
107862;1
107863;0
107869;0
107874;0
107879;1
107880;1
107881;0
107883;0
107885;1
107887;1
107889;0
107892;0
107894;0
107896;0
107897;0
107900;0
107901;1
107902;0
107908;1
107914;1
107920;0
107924;1
107927;1
107928;1
107929;0
107930;1
107931;0
107937;0
107938;1
107939;0
107946;0
107957;0
107958;1
107959;1
107962;0
107977;0
107978;1
107992;0
108001;0
108005;0
108010;0
108014;0
108015;0
108018;0
108021;0
108022;0
108024;0
108026;0
108028;0
108034;0
108035;0
108036;0
108038;1
108040;0
108047;1
108051;0
108054;1
108061;1
108065;1
108069;0
108081;0
108085;1
108086;1
108088;0
108094;0
108095;0
108097;0
108099;1
108101;0
108102;0
108103;0
108109;1
108110;0
108112;1
108113;1
108119;0
108123;0
108124;0
108127;0
108128;0
108129;0
108132;1
108134;0
108137;0
108138;1
108151;0
108155;0
108158;0
108159;0
108161;1
108166;1
108170;1
108172;0
108176;0
108185;0
108186;0
108192;0
108197;0
108209;1
108212;1
108213;0
108216;0
108219;0
108221;0
108232;0
108235;0
108243;0
108245;0
108246;0
108253;0
108255;0
108258;0
108260;0
108261;0
108266;0
108271;0
108282;0
108285;1
108286;0
108293;0
108299;1
108308;0
108310;1
108314;1
108318;0
108323;0
108328;0
108329;0
108340;0
108344;1
108348;0
108352;0
108354;0
108356;0
108358;0
108377;0
108378;0
108379;1
108380;0
108401;1
108403;0
108405;0
108406;0
108407;1
108409;0
108414;0
108416;1
108420;1
108424;0
108425;0
108426;0
108431;0
108432;0
108435;0
108438;0
108442;0
108447;0
108456;0
108462;0
108463;0
108464;0
108469;0
108472;0
108477;1
108480;0
108483;0
108484;0
108492;0
108505;0
108516;0
108528;0
108531;0
108532;0
108536;0
108550;0
108553;0
108555;1
108567;1
108572;0
108574;1
108575;0
108578;1
108579;0
108580;1
108589;0
108594;0
108596;0
108598;0
108601;0
108604;0
108617;0
108619;1
108628;0
108629;0
108633;0
108638;0
108643;0
108646;0
108648;1
108657;0
108658;0
108663;0
108665;0
108666;0
108672;0
108673;0
108674;0
108675;0
108677;0
108678;0
108681;0
108682;0
108687;1
108689;1
108711;0
108714;0
108715;0
108718;1
108719;0
108720;1
108727;0
108732;0
108736;0
108737;0
108740;0
108745;1
108747;0
108751;0
108754;0
108756;0
108761;0
108771;0
108773;0
108780;0
108781;1
108789;0
108790;0
108791;0
108792;0
108796;0
108797;0
108798;1
108801;0
108802;0
108803;0
108807;0
108808;0
108811;0
108815;1
108836;1
108837;0
108839;0
108849;0
108860;0
108862;1
108863;0
108869;0
108871;0
108876;0
108878;0
108893;0
108894;1
108895;0
108899;0
108900;0
108901;0
108902;0
108905;0
108907;0
108913;1
108923;0
108925;1
108948;1
108949;0
108951;0
108956;0
108957;1
108958;0
108959;0
108960;0
108962;0
108965;0
108966;0
108974;0
108979;0
108983;0
108986;0
108990;1
108992;0
109003;0
109007;1
109008;1
109012;0
109015;0
109018;1
109019;0
109026;0
109029;0
109030;0
109034;1
109035;1
109039;0
109045;1
109047;0
109052;0
109054;0
109056;0
109064;0
109065;1
109066;1
109069;0
109072;0
109084;0
109099;0
109107;1
109110;1
109116;0
109121;0
109131;0
109133;1
109136;0
109138;0
109140;0
109141;0
109142;0
109145;0
109163;0
109165;0
109168;0
109171;0
109173;0
109177;0
109180;0
109183;0
109187;0
109190;1
109194;1
109200;0
109201;1
109214;1
109219;1
109221;1
109223;1
109232;0
109238;1
109246;0
109249;0
109255;0
109267;0
109271;0
109276;0
109279;0
109280;0
109281;0
109291;0
109292;0
109293;0
109307;0
109309;0
109311;0
109320;1
109321;1
109322;0
109325;0
109326;0
109327;0
109335;0
109336;1
109337;1
109341;0
109345;0
109349;1
109351;1
109352;0
109356;0
109361;1
109365;1
109367;0
109368;0
109371;0
109379;0
109380;0
109382;0
109384;1
109385;1
109388;0
109389;0
109394;0
109395;1
109404;0
109408;0
109410;0
109413;1
109418;0
109420;0
109422;0
109435;0
109439;0
109443;0
109450;0
109451;1
109455;0
109456;0
109457;0
109458;0
109459;1
109460;0
109465;0
109474;0
109475;0
109478;0
109479;0
109481;0
109483;1
109488;1
109497;0
109506;0
109512;1
109513;0
109521;0
109523;1
109525;1
109526;0
109535;0
109543;0
109544;0
109545;0
109546;0
109548;1
109549;0
109555;0
109556;0
109561;0
109565;0
109566;0
109567;0
109575;0
109582;0
109584;0
109586;0
109591;0
109593;0
109596;0
109597;0
109598;0
109603;0
109614;0
109618;0
109621;0
109630;0
109633;0
109635;0
109637;0
109648;0
109649;0
109652;0
109653;0
109659;0
109663;0
109666;0
109670;0
109675;0
109677;0
109678;0
109679;0
109690;0
109692;0
109699;0
109702;0
109709;0
109721;0
109723;0
109731;0
109733;0
109734;1
109740;0
109747;0
109750;1
109753;0
109768;0
109772;0
109778;0
109780;0
109788;0
109791;1
109795;0
109800;0
109802;0
109804;0
109806;0
109807;0
109813;0
109814;1
109815;0
109829;0
109830;0
109834;0
109841;0
109844;0
109857;1
109858;0
109860;0
109862;1
109867;0
109870;1
109879;1
109880;0
109884;0
109893;0
109899;1
109906;1
109907;1
109909;1
109916;0
109917;0
109926;0
109930;0
109932;0
109940;0
109943;0
109947;0
109952;1
109955;0
109958;0
109959;1
109965;0
109970;1
109973;0
109974;0
109977;0
109981;0
109991;0
109993;0
109998;0
110000;0
110002;0
110005;1
110009;0
110011;0
110014;0
110022;0
110023;0
110029;1
110031;1
110032;0
110038;1
110041;0
110042;0
110050;1
110056;1
110057;0
110058;1
110063;0
110074;0
110076;1
110077;0
110080;0
110086;0
110088;1
110092;0
110101;0
110103;0
110106;0
110107;1
110124;0
110126;1
110137;0
110146;0
110150;0
110155;0
110160;0
110162;1
110163;0
110169;0
110171;0
110173;0
110176;0
110185;0
110186;0
110197;1
110203;1
110206;0
110207;0
110209;0
110211;0
110212;0
110218;0
110220;0
110227;0
110228;0
110229;0
110238;0
110239;1
110244;0
110246;0
110248;1
110261;0
110262;0
110263;0
110269;0
110274;1
110279;1
110282;0
110284;0
110286;0
110293;0
110302;0
110304;0
110307;0
110310;0
110312;0
110314;0
110321;0
110326;0
110330;0
110336;0
110346;0
110349;0
110351;0
110356;0
110357;0
110359;1
110361;0
110366;1
110368;1
110369;0
110370;1
110375;0
110376;0
110379;0
110381;1
110387;0
110390;1
110391;0
110392;0
110403;1
110407;0
110413;0
110416;0
110419;0
110421;0
110423;0
110430;1
110431;0
110433;0
110434;1
110435;0
110441;0
110443;0
110449;0
110454;0
110456;0
110463;0
110465;0
110466;0
110476;0
110477;0
110479;0
110482;0
110483;0
110487;1
110494;0
110508;0
110511;0
110514;1
110516;1
110518;0
110520;0
110521;1
110522;0
110530;0
110531;0
110535;0
110541;0
110547;0
110549;0
110558;0
110576;0
110581;0
110582;1
110594;0
110596;0
110597;0
110598;0
110601;0
110602;0
110603;1
110609;1
110621;0
110624;0
110626;1
110630;0
110632;1
110635;0
110638;1
110643;1
110648;0
110660;0
110668;0
110672;1
110680;0
110683;0
110691;0
110692;0
110693;1
110698;0
110700;0
110704;0
110713;1
110715;0
110718;0
110722;1
110724;0
110735;0
110742;0
110750;0
110755;0
110758;0
110763;0
110767;0
110771;0
110772;0
110776;0
110777;0
110780;0
110781;0
110785;0
110796;0
110799;0
110810;0
110815;1
110819;1
110824;0
110831;0
110836;0
110837;1
110838;0
110845;0
110846;0
110848;0
110853;0
110855;0
110861;1
110862;0
110868;0
110874;1
110876;0
110880;0
110887;0
110891;0
110892;0
110897;0
110905;0
110907;0
110908;0
110918;0
110925;0
110927;0
110929;0
110934;0
110935;0
110936;0
110945;0
110948;0
110950;0
110953;0
110956;0
110962;0
110966;1
110969;0
110972;0
110973;0
110975;1
110984;0
110987;0
110992;1
110995;0
110996;0
110998;0
111003;0
111009;0
111016;0
111040;0
111044;0
111054;1
111055;0
111060;0
111063;0
111064;0
111065;0
111088;0
111090;1
111094;0
111095;0
111102;0
111117;0
111125;1
111128;0
111137;0
111138;0
111140;0
111141;0
111145;1
111148;0
111153;0
111159;1
111172;0
111180;0
111182;1
111186;1
111190;1
111194;0
111196;0
111197;0
111198;0
111200;0
111208;0
111212;0
111218;1
111230;0
111231;0
111241;1
111243;0
111244;0
111246;0
111251;0
111252;0
111255;0
111261;0
111264;0
111265;0
111277;0
111280;0
111283;1
111299;0
111301;0
111304;0
111305;1
111306;0
111308;0
111314;0
111316;0
111320;0
111324;0
111328;0
111329;0
111330;0
111331;0
111343;0
111349;0
111354;0
111360;1
111362;0
111368;1
111373;0
111384;0
111387;1
111389;1
111390;1
111392;0
111393;0
111396;0
111397;0
111398;0
111399;0
111400;0
111402;0
111409;0
111410;0
111411;0
111416;1
111417;0
111422;0
111428;0
111431;0
111439;0
111443;0
111448;0
111452;0
111456;0
111459;1
111464;0
111475;1
111478;0
111481;1
111482;0
111487;1
111493;1
111501;0
111505;0
111506;0
111510;0
111515;1
111516;0
111520;0
111522;0
111523;0
111524;0
111525;0
111533;0
111535;1
111545;1
111546;0
111547;0
111558;0
111560;0
111571;0
111579;0
111583;0
111589;0
111590;0
111592;0
111595;1
111596;0
111597;0
111598;0
111602;0
111607;0
111614;0
111616;0
111649;0
111651;0
111655;0
111665;0
111669;0
111684;0
111689;0
111690;0
111693;0
111695;0
111697;0
111701;0
111704;0
111705;1
111706;1
111710;1
111711;0
111714;1
111720;0
111722;0
111731;1
111732;1
111733;0
111734;0
111737;0
111744;0
111761;0
111765;0
111767;0
111772;0
111777;1
111781;0
111782;0
111787;0
111791;0
111794;0
111795;0
111797;0
111798;0
111800;0
111802;0
111804;0
111805;0
111806;0
111818;0
111821;0
111822;0
111824;1
111825;0
111827;0
111829;0
111830;0
111833;0
111834;0
111837;1
111856;0
111861;0
111862;0
111867;1
111874;0
111875;0
111879;0
111888;0
111893;0
111915;0
111917;0
111920;0
111923;1
111924;0
111928;1
111929;0
111932;1
111935;0
111937;0
111938;1
111939;1
111940;0
111941;0
111944;0
111949;0
111952;1
111953;0
111954;0
111957;1
111959;0
111960;0
111961;0
111967;0
111976;0
111993;0
111995;0
112000;0
112004;0
112007;0
112018;0
112026;0
112028;0
112029;1
112047;0
112051;0
112057;0
112059;0
112061;1
112062;0
112063;0
112073;0
112075;1
112080;0
112082;0
112095;0
112098;0
112099;1
112110;0
112113;0
112115;1
112116;1
112119;0
112120;1
112127;0
112128;0
112136;0
112142;1
112151;0
112152;0
112173;0
112175;0
112176;0
112178;0
112180;0
112185;0
112186;0
112188;0
112202;0
112204;0
112207;0
112210;0
112212;0
112213;0
112214;0
112225;1
112226;1
112229;0
112246;1
112247;1
112251;0
112254;0
112263;1
112266;0
112267;1
112273;0
112288;0
112289;0
112290;0
112295;0
112297;0
112300;1
112305;0
112323;0
112324;0
112325;0
112327;0
112328;1
112329;0
112336;0
112341;0
112344;1
112346;0
112348;0
112350;0
112351;1
112359;0
112360;0
112362;0
112365;0
112366;0
112372;0
112375;0
112382;0
112388;0
112390;0
112393;0
112403;0
112404;0
112405;1
112413;0
112416;1
112419;0
112420;0
112422;0
112424;0
112426;0
112431;0
112441;0
112443;1
112446;0
112448;1
112449;0
112453;1
112456;0
112458;0
112461;1
112462;0
112467;0
112473;0
112478;0
112485;0
112488;0
112498;0
112504;1
112514;1
112516;0
112518;0
112519;1
112535;0
112537;0
112538;0
112542;0
112555;0
112560;0
112566;0
112567;0
112570;0
112573;0
112577;0
112580;0
112585;0
112588;0
112594;0
112599;0
112607;0
112620;0
112632;0
112635;0
112640;0
112642;0
112664;0
112665;0
112667;0
112670;1
112672;0
112674;0
112677;1
112679;0
112685;0
112688;0
112693;0
112702;0
112711;1
112716;0
112720;0
112730;0
112731;0
112735;0
112748;0
112750;0
112752;0
112753;1
112754;0
112759;0
112761;0
112764;0
112765;0
112767;0
112770;0
112774;0
112777;0
112780;0
112785;0
112796;0
112803;0
112805;0
112808;0
112812;0
112818;0
112825;0
112828;0
112829;0
112834;1
112837;0
112842;1
112852;0
112856;0
112857;0
112859;0
112860;0
112861;1
112862;0
112867;0
112869;0
112871;0
112872;1
112880;0
112882;0
112886;0
112891;1
112894;0
112896;1
112900;1
112901;0
112904;0
112907;0
112917;0
112918;0
112925;0
112926;0
112933;0
112938;0
112941;1
112946;0
112948;0
112950;1
112955;0
112961;0
112962;0
112964;0
112967;1
112969;0
112978;1
112984;0
112990;1
112991;0
112994;0
113013;0
113014;0
113019;0
113025;0
113026;0
113039;1
113046;0
113047;1
113050;1
113052;0
113058;0
113062;1
113063;1
113064;0
113067;0
113068;0
113071;0
113076;1
113080;0
113092;0
113093;0
113094;0
113095;0
113097;0
113098;1
113099;1
113103;0
113108;0
113110;0
113112;1
113113;0
113115;0
113119;1
113120;0
113125;0
113128;1
113129;0
113131;0
113132;0
113133;0
113145;1
113147;0
113150;1
113152;1
113154;0
113163;1
113165;1
113168;0
113169;0
113171;0
113173;0
113177;1
113180;0
113185;0
113191;0
113200;0
113205;0
113206;0
113208;0
113214;1
113216;1
113218;0
113220;0
113222;1
113225;1
113226;0
113228;0
113239;0
113241;0
113245;0
113247;0
113248;0
113265;0
113275;0
113276;0
113283;0
113295;0
113298;0
113305;1
113306;1
113309;0
113311;0
113322;0
113323;0
113327;0
113328;0
113329;0
113330;0
113331;0
113336;0
113338;0
113344;0
113352;1
113355;0
113360;1
113365;1
113367;0
113368;1
113371;0
113373;1
113374;0
113376;1
113378;0
113381;0
113382;0
113383;0
113387;0
113391;1
113392;0
113401;1
113402;0
113405;0
113413;0
113420;0
113421;0
113425;0
113434;1
113438;1
113441;0
113445;0
113447;0
113451;1
113456;0
113459;0
113460;0
113464;0
113465;0
113484;0
113485;1
113488;0
113490;0
113495;0
113498;0
113502;0
113504;1
113506;1
113513;0
113514;0
113518;0
113519;0
113522;0
113524;0
113525;0
113528;1
113532;1
113533;0
113537;1
113538;0
113541;1
113550;0
113552;0
113555;0
113556;0
113557;0
113558;0
113563;1
113564;0
113572;0
113573;0
113575;1
113576;0
113585;0
113589;0
113597;0
113600;0
113604;0
113605;0
113607;0
113609;0
113610;0
113617;0
113620;0
113624;0
113626;0
113627;1
113629;0
113631;0
113634;0
113635;0
113636;1
113638;0
113639;0
113640;1
113644;0
113646;0
113648;0
113657;1
113659;1
113660;0
113663;0
113669;1
113672;0
113675;1
113677;1
113682;1
113688;0
113692;0
113704;0
113705;0
113708;0
113712;1
113716;0
113718;1
113719;0
113730;0
113732;0
113735;0
113742;0
113743;0
113744;0
113750;0
113755;0
113762;0
113769;1
113770;0
113774;0
113777;0
113782;0
113787;1
113789;0
113796;0
113798;0
113799;0
113801;0
113814;0
113816;0
113817;0
113820;0
113821;1
113827;0
113839;0
113840;0
113844;0
113856;0
113864;1
113867;0
113873;0
113879;0
113880;0
113886;1
113887;0
113888;0
113889;0
113891;0
113897;0
113901;0
113902;0
113908;0
113909;0
113915;1
113923;0
113924;1
113929;0
113936;0
113937;0
113939;0
113941;0
113942;0
113943;0
113944;0
113945;1
113947;0
113949;0
113952;1
113957;0
113959;0
113963;0
113964;0
113965;0
113972;0
113974;1
113975;0
113976;0
113982;0
113986;0
113989;0
113995;1
114001;0
114008;0
114010;0
114014;0
114015;0
114021;0
114033;0
114035;0
114047;0
114051;0
114054;0
114057;0
114067;1
114072;0
114079;0
114090;0
114092;0
114093;0
114098;0
114099;0
114103;1
114105;0
114107;0
114109;0
114113;0
114114;0
114118;0
114124;0
114126;0
114129;0
114132;0
114133;0
114134;0
114140;1
114148;0
114150;0
114151;0
114156;0
114179;0
114182;0
114191;0
114202;0
114205;0
114211;0
114217;0
114220;0
114242;1
114245;1
114247;0
114248;0
114251;0
114255;0
114256;0
114260;1
114265;0
114276;0
114280;0
114282;0
114283;0
114288;0
114298;0
114301;1
114302;0
114304;0
114306;0
114307;1
114310;0
114314;0
114320;0
114323;0
114325;0
114326;1
114327;0
114333;0
114336;0
114343;0
114349;0
114353;0
114355;0
114356;1
114358;0
114361;0
114367;1
114368;1
114374;0
114375;0
114376;0
114387;0
114388;0
114390;1
114393;0
114394;0
114397;0
114398;1
114399;0
114406;0
114413;0
114415;0
114417;0
114419;0
114421;0
114426;1
114427;1
114450;0
114452;0
114459;0
114469;0
114483;1
114485;0
114487;0
114488;0
114490;0
114491;0
114498;0
114500;0
114508;0
114515;0
114518;0
114521;0
114526;0
114533;0
114538;0
114544;0
114553;1
114566;0
114567;0
114569;0
114570;0
114582;1
114588;0
114591;0
114592;0
114595;0
114600;0
114604;0
114616;0
114620;0
114622;0
114626;0
114632;0
114633;0
114634;1
114635;1
114641;0
114642;0
114643;0
114645;0
114650;0
114654;0
114656;0
114658;0
114659;0
114666;0
114670;0
114673;1
114677;1
114679;1
114690;0
114693;0
114694;0
114703;0
114708;0
114716;0
114719;0
114721;0
114723;0
114732;1
114736;0
114741;0
114742;1
114751;1
114755;0
114761;0
114762;0
114763;0
114765;0
114766;0
114767;1
114771;0
114772;0
114774;0
114775;0
114778;0
114787;0
114793;0
114797;0
114806;1
114810;0
114817;1
114823;0
114829;1
114831;0
114832;0
114833;0
114836;0
114840;1
114847;0
114848;0
114852;0
114853;1
114855;0
114856;0
114858;0
114859;0
114863;0
114865;0
114881;0
114883;0
114885;0
114892;0
114897;0
114898;0
114904;0
114906;0
114907;0
114915;0
114921;0
114925;0
114934;0
114939;0
114942;0
114944;1
114955;0
114966;0
114967;0
114971;0
114977;0
114978;0
114980;0
114982;0
114986;0
114987;0
114994;0
114997;0
114999;1
115000;0
115003;0
115004;0
115013;0
115016;1
115018;0
115023;1
115035;0
115036;0
115041;0
115045;1
115046;0
115050;0
115052;0
115055;1
115058;0
115059;0
115060;0
115062;0
115063;0
115066;0
115071;0
115072;0
115081;0
115082;0
115084;0
115085;0
115086;0
115089;0
115098;0
115103;0
115108;0
115110;1
115114;1
115116;0
115118;0
115129;1
115133;0
115134;0
115136;0
115138;1
115144;0
115147;1
115158;0
115164;0
115167;0
115169;1
115177;0
115179;0
115181;0
115183;0
115185;0
115191;0
115197;1
115198;0
115213;1
115214;0
115215;0
115216;0
115221;1
115222;0
115223;0
115227;0
115228;0
115229;0
115232;0
115233;0
115234;0
115235;1
115242;0
115246;0
115251;0
115253;0
115255;0
115264;0
115266;0
115267;1
115269;0
115271;0
115273;0
115276;0
115280;1
115281;0
115282;0
115285;0
115286;0
115289;0
115290;0
115291;0
115297;0
115305;0
115308;0
115310;0
115311;0
115314;0
115315;1
115317;0
115319;0
115326;0
115332;0
115334;0
115337;0
115358;1
115363;0
115370;0
115375;0
115379;1
115384;0
115392;0
115411;0
115413;0
115415;0
115417;0
115423;0
115424;1
115426;0
115427;0
115440;1
115441;0
115443;0
115446;0
115455;0
115456;0
115459;1
115467;1
115473;0
115474;1
115475;0
115476;0
115491;0
115492;0
115498;0
115502;0
115507;0
115508;0
115509;1
115513;0
115515;0
115516;0
115519;0
115522;0
115527;0
115531;0
115535;1
115539;0
115546;0
115551;1
115552;0
115560;0
115561;0
115562;1
115565;0
115569;0
115572;0
115576;0
115577;0
115579;0
115584;0
115587;0
115588;0
115592;0
115595;0
115601;0
115602;0
115612;0
115613;0
115619;0
115624;0
115625;0
115639;0
115642;1
115643;0
115645;0
115647;0
115654;0
115659;0
115666;0
115669;0
115672;0
115675;0
115682;0
115684;0
115685;1
115687;1
115692;1
115695;1
115699;0
115706;0
115709;0
115710;1
115714;0
115715;0
115718;0
115726;0
115727;0
115732;0
115734;0
115738;1
115740;1
115741;0
115746;0
115749;0
115757;1
115758;0
115760;1
115764;0
115765;0
115770;0
115775;0
115782;0
115786;0
115789;0
115793;0
115797;0
115799;1
115815;0
115816;0
115825;0
115826;0
115828;0
115838;0
115841;1
115843;0
115846;0
115851;0
115857;0
115865;0
115868;0
115870;0
115873;0
115875;1
115877;1
115879;0
115888;0
115891;1
115894;0
115895;1
115897;0
115898;0
115902;1
115904;1
115908;0
115910;0
115912;1
115917;0
115923;0
115924;0
115926;1
115927;0
115929;0
115933;0
115935;0
115936;1
115938;0
115943;0
115944;0
115946;0
115950;0
115960;1
115962;0
115969;1
115975;0
115976;0
115984;0
115989;0
115992;0
115994;0
115999;0
116001;0
116007;0
116008;0
116022;0
116027;1
116030;0
116035;0
116036;0
116039;1
116041;1
116042;0
116046;1
116048;0
116053;0
116061;0
116068;0
116069;1
116070;0
116074;1
116081;0
116084;1
116085;1
116087;0
116090;0
116091;0
116101;0
116103;0
116104;0
116111;0
116116;1
116117;1
116122;0
116123;0
116125;0
116127;0
116128;1
116131;0
116135;0
116139;0
116151;0
116152;0
116153;1
116154;0
116157;0
116160;0
116171;0
116174;0
116175;0
116177;0
116178;0
116186;0
116187;0
116194;0
116204;0
116207;0
116210;0
116212;0
116217;1
116218;0
116221;0
116222;0
116225;0
116226;0
116230;0
116231;1
116236;0
116245;0
116246;0
116253;0
116259;0
116267;1
116273;0
116275;0
116276;0
116279;0
116281;0
116285;0
116286;0
116294;1
116298;0
116300;0
116307;0
116320;0
116323;0
116327;0
116343;0
116352;0
116380;0
116388;1
116418;0
116426;1
116434;0
116438;0
116439;0
116442;0
116444;0
116445;0
116455;0
116457;0
116467;1
116478;1
116481;0
116485;0
116486;0
116488;0
116489;1
116490;1
116491;0
116498;0
116501;0
116511;0
116517;0
116518;0
116527;0
116528;1
116534;0
116546;0
116548;0
116549;1
116554;0
116564;0
116567;1
116569;0
116583;0
116588;0
116594;0
116595;0
116597;0
116598;0
116606;0
116608;1
116612;0
116614;1
116618;0
116625;0
116626;0
116627;0
116631;0
116632;0
116636;0
116637;1
116639;1
116642;0
116643;1
116655;1
116658;0
116660;0
116664;1
116666;0
116667;0
116677;0
116678;0
116684;1
116688;1
116690;1
116694;0
116695;0
116697;0
116704;0
116707;0
116708;1
116710;0
116720;0
116725;0
116726;0
116727;0
116730;0
116738;0
116744;0
116747;0
116748;0
116756;0
116758;0
116762;0
116765;1
116770;0
116778;0
116780;0
116788;0
116793;0
116796;0
116797;0
116800;0
116802;0
116808;0
116809;0
116818;0
116819;0
116820;0
116826;0
116828;0
116829;0
116831;0
116832;1
116835;0
116837;0
116839;0
116842;0
116846;0
116848;1
116850;0
116854;1
116858;1
116859;0
116860;0
116862;0
116873;0
116874;0
116875;0
116885;0
116887;0
116893;1
116895;0
116898;1
116904;0
116910;1
116912;1
116913;0
116915;0
116916;0
116917;1
116923;0
116926;0
116929;0
116940;0
116941;0
116943;0
116944;0
116950;0
116957;1
116958;0
116960;0
116965;0
116967;0
116969;0
116972;0
116973;0
116977;0
116981;0
116983;1
116985;0
116990;0
116994;0
116998;0
116999;0
117004;0
117007;1
117011;0
117014;1
117016;0
117017;0
117018;0
117023;0
117026;0
117027;0
117028;0
117038;0
117039;0
117045;0
117046;0
117056;0
117064;0
117072;0
117076;0
117077;0
117096;0
117099;0
117101;0
117106;0
117107;0
117109;1
117114;0
117116;0
117125;0
117126;0
117128;0
117132;1
117139;0
117140;0
117145;0
117151;0
117153;1
117155;0
117161;0
117163;0
117164;1
117172;1
117179;1
117181;0
117182;0
117183;0
117189;1
117190;1
117192;0
117193;0
117195;0
117197;0
117206;0
117208;0
117213;0
117215;0
117218;0
117221;0
117222;0
117232;0
117237;0
117238;0
117239;1
117241;0
117247;1
117250;0
117251;0
117252;0
117255;0
117256;0
117259;0
117264;0
117267;0
117270;0
117273;0
117274;1
117278;0
117285;0
117291;0
117297;0
117306;1
117308;0
117309;1
117310;0
117312;0
117315;0
117318;0
117321;1
117322;0
117333;1
117338;0
117341;0
117343;0
117347;0
117348;1
117350;1
117352;0
117355;0
117356;1
117357;0
117359;0
117361;0
117365;0
117370;0
117372;1
117374;1
117375;0
117386;0
117389;0
117394;1
117397;0
117401;1
117403;0
117426;0
117428;0
117431;0
117432;1
117435;0
117436;0
117438;0
117448;1
117452;1
117454;0
117469;1
117471;0
117474;0
117481;0
117490;0
117493;0
117496;1
117500;0
117504;0
117507;0
117511;0
117521;1
117522;0
117525;0
117533;0
117539;1
117541;0
117545;0
117546;0
117549;0
117563;0
117572;0
117576;1
117588;0
117592;0
117601;0
117602;0
117609;1
117611;0
117612;0
117617;1
117625;0
117627;0
117630;1
117631;0
117635;0
117637;0
117651;0
117668;0
117673;0
117677;0
117681;0
117687;0
117689;0
117693;1
117697;0
117698;0
117699;0
117701;0
117707;0
117708;0
117709;1
117710;0
117714;0
117718;0
117724;0
117733;0
117741;0
117745;0
117747;0
117768;0
117778;1
117779;0
117782;0
117784;0
117789;0
117790;1
117791;0
117792;0
117793;0
117799;0
117807;1
117815;0
117818;0
117827;0
117833;0
117848;0
117850;0
117853;0
117859;0
117866;1
117868;0
117869;0
117870;1
117873;0
117874;0
117879;1
117888;1
117896;0
117900;0
117905;0
117906;0
117907;0
117916;0
117919;0
117920;0
117925;1
117927;0
117930;0
117933;0
117937;0
117939;0
117942;0
117952;0
117960;0
117963;0
117965;0
117972;0
117975;0
117977;0
117980;1
117982;0
117993;0
117994;1
118000;1
118004;0
118010;0
118012;1
118015;0
118016;0
118018;0
118024;0
118025;1
118030;0
118034;1
118040;0
118043;0
118044;0
118054;1
118055;0
118058;0
118062;0
118063;0
118064;1
118078;0
118079;1
118084;0
118085;0
118087;1
118092;0
118096;1
118099;1
118103;0
118105;0
118109;0
118119;0
118125;0
118130;0
118132;1
118133;0
118134;1
118140;0
118143;0
118144;0
118145;0
118146;0
118147;0
118151;0
118157;0
118165;1
118176;0
118180;1
118181;0
118197;1
118199;0
118203;0
118205;0
118211;0
118212;0
